type,game_id,home_team,away_team,week,season,state_of_game,game_url,home_score,away_score
reg,2019090500,CHI,GB,1,2019,POST,http://www.nfl.com/liveupdate/game-center/2019090500/2019090500_gtd.json,3,10
reg,2019090800,CAR,LA,1,2019,POST,http://www.nfl.com/liveupdate/game-center/2019090800/2019090800_gtd.json,27,30
reg,2019090806,PHI,WAS,1,2019,POST,http://www.nfl.com/liveupdate/game-center/2019090806/2019090806_gtd.json,32,27
reg,2019090805,NYJ,BUF,1,2019,POST,http://www.nfl.com/liveupdate/game-center/2019090805/2019090805_gtd.json,16,17
reg,2019090804,MIN,ATL,1,2019,POST,http://www.nfl.com/liveupdate/game-center/2019090804/2019090804_gtd.json,28,12
reg,2019090803,MIA,BAL,1,2019,POST,http://www.nfl.com/liveupdate/game-center/2019090803/2019090803_gtd.json,10,59
reg,2019090802,JAX,KC,1,2019,POST,http://www.nfl.com/liveupdate/game-center/2019090802/2019090802_gtd.json,26,40
reg,2019090801,CLE,TEN,1,2019,POST,http://www.nfl.com/liveupdate/game-center/2019090801/2019090801_gtd.json,13,43
reg,2019090807,LAC,IND,1,2019,POST,http://www.nfl.com/liveupdate/game-center/2019090807/2019090807_gtd.json,30,24
reg,2019090808,SEA,CIN,1,2019,POST,http://www.nfl.com/liveupdate/game-center/2019090808/2019090808_gtd.json,21,20
reg,2019090811,TB,SF,1,2019,POST,http://www.nfl.com/liveupdate/game-center/2019090811/2019090811_gtd.json,17,31
reg,2019090810,DAL,NYG,1,2019,POST,http://www.nfl.com/liveupdate/game-center/2019090810/2019090810_gtd.json,35,17
reg,2019090809,ARI,DET,1,2019,POST,http://www.nfl.com/liveupdate/game-center/2019090809/2019090809_gtd.json,27,27
reg,2019090812,NE,PIT,1,2019,POST,http://www.nfl.com/liveupdate/game-center/2019090812/2019090812_gtd.json,33,3
reg,2019090900,NO,HOU,1,2019,POST,http://www.nfl.com/liveupdate/game-center/2019090900/2019090900_gtd.json,30,28
reg,2019090901,OAK,DEN,1,2019,POST,http://www.nfl.com/liveupdate/game-center/2019090901/2019090901_gtd.json,24,16
reg,2019091200,CAR,TB,2,2019,POST,http://www.nfl.com/liveupdate/game-center/2019091200/2019091200_gtd.json,14,20
reg,2019091500,BAL,ARI,2,2019,POST,http://www.nfl.com/liveupdate/game-center/2019091500/2019091500_gtd.json,23,17
reg,2019091509,WAS,DAL,2,2019,POST,http://www.nfl.com/liveupdate/game-center/2019091509/2019091509_gtd.json,21,31
reg,2019091508,TEN,IND,2,2019,POST,http://www.nfl.com/liveupdate/game-center/2019091508/2019091508_gtd.json,17,19
reg,2019091507,PIT,SEA,2,2019,POST,http://www.nfl.com/liveupdate/game-center/2019091507/2019091507_gtd.json,26,28
reg,2019091506,NYG,BUF,2,2019,POST,http://www.nfl.com/liveupdate/game-center/2019091506/2019091506_gtd.json,14,28
reg,2019091501,CIN,SF,2,2019,POST,http://www.nfl.com/liveupdate/game-center/2019091501/2019091501_gtd.json,17,41
reg,2019091502,DET,LAC,2,2019,POST,http://www.nfl.com/liveupdate/game-center/2019091502/2019091502_gtd.json,13,10
reg,2019091503,GB,MIN,2,2019,POST,http://www.nfl.com/liveupdate/game-center/2019091503/2019091503_gtd.json,21,16
reg,2019091504,HOU,JAX,2,2019,POST,http://www.nfl.com/liveupdate/game-center/2019091504/2019091504_gtd.json,13,12
reg,2019091505,MIA,NE,2,2019,POST,http://www.nfl.com/liveupdate/game-center/2019091505/2019091505_gtd.json,0,43
reg,2019091510,OAK,KC,2,2019,POST,http://www.nfl.com/liveupdate/game-center/2019091510/2019091510_gtd.json,10,28
reg,2019091512,LA,NO,2,2019,POST,http://www.nfl.com/liveupdate/game-center/2019091512/2019091512_gtd.json,27,9
reg,2019091511,DEN,CHI,2,2019,POST,http://www.nfl.com/liveupdate/game-center/2019091511/2019091511_gtd.json,14,16
reg,2019091513,ATL,PHI,2,2019,POST,http://www.nfl.com/liveupdate/game-center/2019091513/2019091513_gtd.json,24,20
reg,2019091600,NYJ,CLE,2,2019,POST,http://www.nfl.com/liveupdate/game-center/2019091600/2019091600_gtd.json,3,23
reg,2019091900,JAX,TEN,3,2019,POST,http://www.nfl.com/liveupdate/game-center/2019091900/2019091900_gtd.json,20,7
reg,2019092200,BUF,CIN,3,2019,POST,http://www.nfl.com/liveupdate/game-center/2019092200/2019092200_gtd.json,21,17
reg,2019092207,PHI,DET,3,2019,POST,http://www.nfl.com/liveupdate/game-center/2019092207/2019092207_gtd.json,24,27
reg,2019092206,NE,NYJ,3,2019,POST,http://www.nfl.com/liveupdate/game-center/2019092206/2019092206_gtd.json,30,14
reg,2019092205,MIN,OAK,3,2019,POST,http://www.nfl.com/liveupdate/game-center/2019092205/2019092205_gtd.json,34,14
reg,2019092204,KC,BAL,3,2019,POST,http://www.nfl.com/liveupdate/game-center/2019092204/2019092204_gtd.json,33,28
reg,2019092203,IND,ATL,3,2019,POST,http://www.nfl.com/liveupdate/game-center/2019092203/2019092203_gtd.json,27,24
reg,2019092202,GB,DEN,3,2019,POST,http://www.nfl.com/liveupdate/game-center/2019092202/2019092202_gtd.json,27,16
reg,2019092201,DAL,MIA,3,2019,POST,http://www.nfl.com/liveupdate/game-center/2019092201/2019092201_gtd.json,31,6
reg,2019092209,TB,NYG,3,2019,POST,http://www.nfl.com/liveupdate/game-center/2019092209/2019092209_gtd.json,31,32
reg,2019092208,ARI,CAR,3,2019,POST,http://www.nfl.com/liveupdate/game-center/2019092208/2019092208_gtd.json,20,38
reg,2019092212,SF,PIT,3,2019,POST,http://www.nfl.com/liveupdate/game-center/2019092212/2019092212_gtd.json,24,20
reg,2019092211,SEA,NO,3,2019,POST,http://www.nfl.com/liveupdate/game-center/2019092211/2019092211_gtd.json,27,33
reg,2019092210,LAC,HOU,3,2019,POST,http://www.nfl.com/liveupdate/game-center/2019092210/2019092210_gtd.json,20,27
reg,2019092213,CLE,LA,3,2019,POST,http://www.nfl.com/liveupdate/game-center/2019092213/2019092213_gtd.json,13,20
reg,2019092300,WAS,CHI,3,2019,POST,http://www.nfl.com/liveupdate/game-center/2019092300/2019092300_gtd.json,15,31
reg,2019092600,GB,PHI,4,2019,POST,http://www.nfl.com/liveupdate/game-center/2019092600/2019092600_gtd.json,27,34
reg,2019092900,ATL,TEN,4,2019,POST,http://www.nfl.com/liveupdate/game-center/2019092900/2019092900_gtd.json,10,24
reg,2019092907,NYG,WAS,4,2019,POST,http://www.nfl.com/liveupdate/game-center/2019092907/2019092907_gtd.json,24,3
reg,2019092906,MIA,LAC,4,2019,POST,http://www.nfl.com/liveupdate/game-center/2019092906/2019092906_gtd.json,10,30
reg,2019092905,IND,OAK,4,2019,POST,http://www.nfl.com/liveupdate/game-center/2019092905/2019092905_gtd.json,24,31
reg,2019092904,HOU,CAR,4,2019,POST,http://www.nfl.com/liveupdate/game-center/2019092904/2019092904_gtd.json,10,16
reg,2019092903,DET,KC,4,2019,POST,http://www.nfl.com/liveupdate/game-center/2019092903/2019092903_gtd.json,30,34
reg,2019092901,BAL,CLE,4,2019,POST,http://www.nfl.com/liveupdate/game-center/2019092901/2019092901_gtd.json,25,40
reg,2019092902,BUF,NE,4,2019,POST,http://www.nfl.com/liveupdate/game-center/2019092902/2019092902_gtd.json,10,16
reg,2019092909,LA,TB,4,2019,POST,http://www.nfl.com/liveupdate/game-center/2019092909/2019092909_gtd.json,40,55
reg,2019092908,ARI,SEA,4,2019,POST,http://www.nfl.com/liveupdate/game-center/2019092908/2019092908_gtd.json,10,27
reg,2019092910,CHI,MIN,4,2019,POST,http://www.nfl.com/liveupdate/game-center/2019092910/2019092910_gtd.json,16,6
reg,2019092911,DEN,JAX,4,2019,POST,http://www.nfl.com/liveupdate/game-center/2019092911/2019092911_gtd.json,24,26
reg,2019092912,NO,DAL,4,2019,POST,http://www.nfl.com/liveupdate/game-center/2019092912/2019092912_gtd.json,12,10
reg,2019093000,PIT,CIN,4,2019,POST,http://www.nfl.com/liveupdate/game-center/2019093000/2019093000_gtd.json,27,3
reg,2019100300,SEA,LA,5,2019,POST,http://www.nfl.com/liveupdate/game-center/2019100300/2019100300_gtd.json,30,29
reg,2019100600,CAR,JAX,5,2019,POST,http://www.nfl.com/liveupdate/game-center/2019100600/2019100600_gtd.json,34,27
reg,2019100609,WAS,NE,5,2019,POST,http://www.nfl.com/liveupdate/game-center/2019100609/2019100609_gtd.json,7,33
reg,2019100608,TEN,BUF,5,2019,POST,http://www.nfl.com/liveupdate/game-center/2019100608/2019100608_gtd.json,7,14
reg,2019100607,PIT,BAL,5,2019,POST,http://www.nfl.com/liveupdate/game-center/2019100607/2019100607_gtd.json,23,26
reg,2019100601,CIN,ARI,5,2019,POST,http://www.nfl.com/liveupdate/game-center/2019100601/2019100601_gtd.json,23,26
reg,2019100602,HOU,ATL,5,2019,POST,http://www.nfl.com/liveupdate/game-center/2019100602/2019100602_gtd.json,53,32
reg,2019100603,NO,TB,5,2019,POST,http://www.nfl.com/liveupdate/game-center/2019100603/2019100603_gtd.json,31,24
reg,2019100604,NYG,MIN,5,2019,POST,http://www.nfl.com/liveupdate/game-center/2019100604/2019100604_gtd.json,10,28
reg,2019100605,OAK,CHI,5,2019,POST,http://www.nfl.com/liveupdate/game-center/2019100605/2019100605_gtd.json,24,21
reg,2019100606,PHI,NYJ,5,2019,POST,http://www.nfl.com/liveupdate/game-center/2019100606/2019100606_gtd.json,31,6
reg,2019100610,LAC,DEN,5,2019,POST,http://www.nfl.com/liveupdate/game-center/2019100610/2019100610_gtd.json,13,20
reg,2019100611,DAL,GB,5,2019,POST,http://www.nfl.com/liveupdate/game-center/2019100611/2019100611_gtd.json,24,34
reg,2019100612,KC,IND,5,2019,POST,http://www.nfl.com/liveupdate/game-center/2019100612/2019100612_gtd.json,13,19
reg,2019100700,SF,CLE,5,2019,POST,http://www.nfl.com/liveupdate/game-center/2019100700/2019100700_gtd.json,31,3
reg,2019101000,NE,NYG,6,2019,POST,http://www.nfl.com/liveupdate/game-center/2019101000/2019101000_gtd.json,35,14
reg,2019101300,TB,CAR,6,2019,POST,http://www.nfl.com/liveupdate/game-center/2019101300/2019101300_gtd.json,26,37
reg,2019101305,MIA,WAS,6,2019,POST,http://www.nfl.com/liveupdate/game-center/2019101305/2019101305_gtd.json,16,17
reg,2019101306,MIN,PHI,6,2019,POST,http://www.nfl.com/liveupdate/game-center/2019101306/2019101306_gtd.json,38,20
reg,2019101304,KC,HOU,6,2019,POST,http://www.nfl.com/liveupdate/game-center/2019101304/2019101304_gtd.json,24,31
reg,2019101303,JAX,NO,6,2019,POST,http://www.nfl.com/liveupdate/game-center/2019101303/2019101303_gtd.json,6,13
reg,2019101302,CLE,SEA,6,2019,POST,http://www.nfl.com/liveupdate/game-center/2019101302/2019101302_gtd.json,28,32
reg,2019101301,BAL,CIN,6,2019,POST,http://www.nfl.com/liveupdate/game-center/2019101301/2019101301_gtd.json,23,17
reg,2019101308,LA,SF,6,2019,POST,http://www.nfl.com/liveupdate/game-center/2019101308/2019101308_gtd.json,7,20
reg,2019101307,ARI,ATL,6,2019,POST,http://www.nfl.com/liveupdate/game-center/2019101307/2019101307_gtd.json,34,33
reg,2019101310,NYJ,DAL,6,2019,POST,http://www.nfl.com/liveupdate/game-center/2019101310/2019101310_gtd.json,24,22
reg,2019101309,DEN,TEN,6,2019,POST,http://www.nfl.com/liveupdate/game-center/2019101309/2019101309_gtd.json,16,0
reg,2019101311,LAC,PIT,6,2019,POST,http://www.nfl.com/liveupdate/game-center/2019101311/2019101311_gtd.json,17,24
reg,2019101400,GB,DET,6,2019,POST,http://www.nfl.com/liveupdate/game-center/2019101400/2019101400_gtd.json,23,22
reg,2019101700,DEN,KC,7,2019,POST,http://www.nfl.com/liveupdate/game-center/2019101700/2019101700_gtd.json,6,30
reg,2019102001,BUF,MIA,7,2019,POST,http://www.nfl.com/liveupdate/game-center/2019102001/2019102001_gtd.json,31,21
reg,2019102002,CIN,JAX,7,2019,POST,http://www.nfl.com/liveupdate/game-center/2019102002/2019102002_gtd.json,17,27
reg,2019102003,DET,MIN,7,2019,POST,http://www.nfl.com/liveupdate/game-center/2019102003/2019102003_gtd.json,30,42
reg,2019102004,GB,OAK,7,2019,POST,http://www.nfl.com/liveupdate/game-center/2019102004/2019102004_gtd.json,42,24
reg,2019102000,ATL,LA,7,2019,POST,http://www.nfl.com/liveupdate/game-center/2019102000/2019102000_gtd.json,10,37
reg,2019102005,IND,HOU,7,2019,POST,http://www.nfl.com/liveupdate/game-center/2019102005/2019102005_gtd.json,30,23
reg,2019102007,WAS,SF,7,2019,POST,http://www.nfl.com/liveupdate/game-center/2019102007/2019102007_gtd.json,0,9
reg,2019102006,NYG,ARI,7,2019,POST,http://www.nfl.com/liveupdate/game-center/2019102006/2019102006_gtd.json,21,27
reg,2019102008,TEN,LAC,7,2019,POST,http://www.nfl.com/liveupdate/game-center/2019102008/2019102008_gtd.json,23,20
reg,2019102009,CHI,NO,7,2019,POST,http://www.nfl.com/liveupdate/game-center/2019102009/2019102009_gtd.json,25,36
reg,2019102010,SEA,BAL,7,2019,POST,http://www.nfl.com/liveupdate/game-center/2019102010/2019102010_gtd.json,16,30
reg,2019102011,DAL,PHI,7,2019,POST,http://www.nfl.com/liveupdate/game-center/2019102011/2019102011_gtd.json,37,10
reg,2019102100,NYJ,NE,7,2019,POST,http://www.nfl.com/liveupdate/game-center/2019102100/2019102100_gtd.json,0,33
reg,2019102400,MIN,WAS,8,2019,POST,http://www.nfl.com/liveupdate/game-center/2019102400/2019102400_gtd.json,19,9
reg,2019102700,ATL,SEA,8,2019,POST,http://www.nfl.com/liveupdate/game-center/2019102700/2019102700_gtd.json,20,27
reg,2019102710,IND,DEN,8,2019,POST,http://www.nfl.com/liveupdate/game-center/2019102710/2019102710_gtd.json,15,13
reg,2019102708,TEN,TB,8,2019,POST,http://www.nfl.com/liveupdate/game-center/2019102708/2019102708_gtd.json,27,23
reg,2019102707,NO,ARI,8,2019,POST,http://www.nfl.com/liveupdate/game-center/2019102707/2019102707_gtd.json,31,9
reg,2019102706,LA,CIN,8,2019,POST,http://www.nfl.com/liveupdate/game-center/2019102706/2019102706_gtd.json,24,10
reg,2019102701,BUF,PHI,8,2019,POST,http://www.nfl.com/liveupdate/game-center/2019102701/2019102701_gtd.json,13,31
reg,2019102702,CHI,LAC,8,2019,POST,http://www.nfl.com/liveupdate/game-center/2019102702/2019102702_gtd.json,16,17
reg,2019102703,DET,NYG,8,2019,POST,http://www.nfl.com/liveupdate/game-center/2019102703/2019102703_gtd.json,31,26
reg,2019102705,JAX,NYJ,8,2019,POST,http://www.nfl.com/liveupdate/game-center/2019102705/2019102705_gtd.json,29,15
reg,2019102709,SF,CAR,8,2019,POST,http://www.nfl.com/liveupdate/game-center/2019102709/2019102709_gtd.json,51,13
reg,2019102704,HOU,OAK,8,2019,POST,http://www.nfl.com/liveupdate/game-center/2019102704/2019102704_gtd.json,27,24
reg,2019102711,NE,CLE,8,2019,POST,http://www.nfl.com/liveupdate/game-center/2019102711/2019102711_gtd.json,27,13
reg,2019102712,KC,GB,8,2019,POST,http://www.nfl.com/liveupdate/game-center/2019102712/2019102712_gtd.json,24,31
reg,2019102800,PIT,MIA,8,2019,POST,http://www.nfl.com/liveupdate/game-center/2019102800/2019102800_gtd.json,27,14
reg,2019103100,ARI,SF,9,2019,POST,http://www.nfl.com/liveupdate/game-center/2019103100/2019103100_gtd.json,25,28
reg,2019110300,JAX,HOU,9,2019,POST,http://www.nfl.com/liveupdate/game-center/2019110300/2019110300_gtd.json,3,26
reg,2019110305,PHI,CHI,9,2019,POST,http://www.nfl.com/liveupdate/game-center/2019110305/2019110305_gtd.json,22,14
reg,2019110306,PIT,IND,9,2019,POST,http://www.nfl.com/liveupdate/game-center/2019110306/2019110306_gtd.json,26,24
reg,2019110304,MIA,NYJ,9,2019,POST,http://www.nfl.com/liveupdate/game-center/2019110304/2019110304_gtd.json,26,18
reg,2019110303,KC,MIN,9,2019,POST,http://www.nfl.com/liveupdate/game-center/2019110303/2019110303_gtd.json,26,23
reg,2019110302,CAR,TEN,9,2019,POST,http://www.nfl.com/liveupdate/game-center/2019110302/2019110302_gtd.json,30,20
reg,2019110301,BUF,WAS,9,2019,POST,http://www.nfl.com/liveupdate/game-center/2019110301/2019110301_gtd.json,24,9
reg,2019110308,SEA,TB,9,2019,POST,http://www.nfl.com/liveupdate/game-center/2019110308/2019110308_gtd.json,40,34
reg,2019110307,OAK,DET,9,2019,POST,http://www.nfl.com/liveupdate/game-center/2019110307/2019110307_gtd.json,31,24
reg,2019110310,LAC,GB,9,2019,POST,http://www.nfl.com/liveupdate/game-center/2019110310/2019110310_gtd.json,26,11
reg,2019110309,DEN,CLE,9,2019,POST,http://www.nfl.com/liveupdate/game-center/2019110309/2019110309_gtd.json,24,19
reg,2019110311,BAL,NE,9,2019,POST,http://www.nfl.com/liveupdate/game-center/2019110311/2019110311_gtd.json,37,20
reg,2019110400,NYG,DAL,9,2019,POST,http://www.nfl.com/liveupdate/game-center/2019110400/2019110400_gtd.json,18,37
reg,2019110700,OAK,LAC,10,2019,POST,http://www.nfl.com/liveupdate/game-center/2019110700/2019110700_gtd.json,26,24
reg,2019111001,CIN,BAL,10,2019,POST,http://www.nfl.com/liveupdate/game-center/2019111001/2019111001_gtd.json,13,49
reg,2019111002,CLE,BUF,10,2019,POST,http://www.nfl.com/liveupdate/game-center/2019111002/2019111002_gtd.json,19,16
reg,2019111000,CHI,DET,10,2019,POST,http://www.nfl.com/liveupdate/game-center/2019111000/2019111000_gtd.json,20,13
reg,2019111005,NYJ,NYG,10,2019,POST,http://www.nfl.com/liveupdate/game-center/2019111005/2019111005_gtd.json,34,27
reg,2019111007,TEN,KC,10,2019,POST,http://www.nfl.com/liveupdate/game-center/2019111007/2019111007_gtd.json,35,32
reg,2019111006,TB,ARI,10,2019,POST,http://www.nfl.com/liveupdate/game-center/2019111006/2019111006_gtd.json,30,27
reg,2019111004,NO,ATL,10,2019,POST,http://www.nfl.com/liveupdate/game-center/2019111004/2019111004_gtd.json,9,26
reg,2019111008,IND,MIA,10,2019,POST,http://www.nfl.com/liveupdate/game-center/2019111008/2019111008_gtd.json,12,16
reg,2019111009,PIT,LA,10,2019,POST,http://www.nfl.com/liveupdate/game-center/2019111009/2019111009_gtd.json,17,12
reg,2019111003,GB,CAR,10,2019,POST,http://www.nfl.com/liveupdate/game-center/2019111003/2019111003_gtd.json,24,16
reg,2019111010,DAL,MIN,10,2019,POST,http://www.nfl.com/liveupdate/game-center/2019111010/2019111010_gtd.json,24,28
reg,2019111100,SF,SEA,10,2019,POST,http://www.nfl.com/liveupdate/game-center/2019111100/2019111100_gtd.json,24,27
reg,2019111400,CLE,PIT,11,2019,POST,http://www.nfl.com/liveupdate/game-center/2019111400/2019111400_gtd.json,21,7
reg,2019111701,CAR,ATL,11,2019,POST,http://www.nfl.com/liveupdate/game-center/2019111701/2019111701_gtd.json,3,29
reg,2019111702,DET,DAL,11,2019,POST,http://www.nfl.com/liveupdate/game-center/2019111702/2019111702_gtd.json,27,35
reg,2019111703,IND,JAX,11,2019,POST,http://www.nfl.com/liveupdate/game-center/2019111703/2019111703_gtd.json,33,13
reg,2019111704,MIA,BUF,11,2019,POST,http://www.nfl.com/liveupdate/game-center/2019111704/2019111704_gtd.json,20,37
reg,2019111700,BAL,HOU,11,2019,POST,http://www.nfl.com/liveupdate/game-center/2019111700/2019111700_gtd.json,41,7
reg,2019111705,MIN,DEN,11,2019,POST,http://www.nfl.com/liveupdate/game-center/2019111705/2019111705_gtd.json,27,23
reg,2019111707,WAS,NYJ,11,2019,POST,http://www.nfl.com/liveupdate/game-center/2019111707/2019111707_gtd.json,17,34
reg,2019111706,TB,NO,11,2019,POST,http://www.nfl.com/liveupdate/game-center/2019111706/2019111706_gtd.json,17,34
reg,2019111708,SF,ARI,11,2019,POST,http://www.nfl.com/liveupdate/game-center/2019111708/2019111708_gtd.json,36,26
reg,2019111709,OAK,CIN,11,2019,POST,http://www.nfl.com/liveupdate/game-center/2019111709/2019111709_gtd.json,17,10
reg,2019111710,PHI,NE,11,2019,POST,http://www.nfl.com/liveupdate/game-center/2019111710/2019111710_gtd.json,10,17
reg,2019111711,LA,CHI,11,2019,POST,http://www.nfl.com/liveupdate/game-center/2019111711/2019111711_gtd.json,17,7
reg,2019111800,LAC,KC,11,2019,POST,http://www.nfl.com/liveupdate/game-center/2019111800/2019111800_gtd.json,17,24
reg,2019112100,HOU,IND,12,2019,POST,http://www.nfl.com/liveupdate/game-center/2019112100/2019112100_gtd.json,20,17
reg,2019112401,BUF,DEN,12,2019,POST,http://www.nfl.com/liveupdate/game-center/2019112401/2019112401_gtd.json,20,3
reg,2019112402,CHI,NYG,12,2019,POST,http://www.nfl.com/liveupdate/game-center/2019112402/2019112402_gtd.json,19,14
reg,2019112403,CIN,PIT,12,2019,POST,http://www.nfl.com/liveupdate/game-center/2019112403/2019112403_gtd.json,10,16
reg,2019112404,CLE,MIA,12,2019,POST,http://www.nfl.com/liveupdate/game-center/2019112404/2019112404_gtd.json,41,24
reg,2019112400,ATL,TB,12,2019,POST,http://www.nfl.com/liveupdate/game-center/2019112400/2019112400_gtd.json,22,35
reg,2019112405,NO,CAR,12,2019,POST,http://www.nfl.com/liveupdate/game-center/2019112405/2019112405_gtd.json,34,31
reg,2019112411,PHI,SEA,12,2019,POST,http://www.nfl.com/liveupdate/game-center/2019112411/2019112411_gtd.json,9,17
reg,2019112407,WAS,DET,12,2019,POST,http://www.nfl.com/liveupdate/game-center/2019112407/2019112407_gtd.json,19,16
reg,2019112406,NYJ,OAK,12,2019,POST,http://www.nfl.com/liveupdate/game-center/2019112406/2019112406_gtd.json,34,3
reg,2019112408,TEN,JAX,12,2019,POST,http://www.nfl.com/liveupdate/game-center/2019112408/2019112408_gtd.json,42,20
reg,2019112409,NE,DAL,12,2019,POST,http://www.nfl.com/liveupdate/game-center/2019112409/2019112409_gtd.json,13,9
reg,2019112410,SF,GB,12,2019,POST,http://www.nfl.com/liveupdate/game-center/2019112410/2019112410_gtd.json,37,8
reg,2019112500,LA,BAL,12,2019,POST,http://www.nfl.com/liveupdate/game-center/2019112500/2019112500_gtd.json,6,45
reg,2019112800,DET,CHI,13,2019,POST,http://www.nfl.com/liveupdate/game-center/2019112800/2019112800_gtd.json,20,24
reg,2019112801,DAL,BUF,13,2019,POST,http://www.nfl.com/liveupdate/game-center/2019112801/2019112801_gtd.json,15,26
reg,2019112802,ATL,NO,13,2019,POST,http://www.nfl.com/liveupdate/game-center/2019112802/2019112802_gtd.json,18,26
reg,2019120103,IND,TEN,13,2019,POST,http://www.nfl.com/liveupdate/game-center/2019120103/2019120103_gtd.json,17,31
reg,2019120102,CIN,NYJ,13,2019,POST,http://www.nfl.com/liveupdate/game-center/2019120102/2019120102_gtd.json,22,6
reg,2019120101,CAR,WAS,13,2019,POST,http://www.nfl.com/liveupdate/game-center/2019120101/2019120101_gtd.json,21,29
reg,2019120100,BAL,SF,13,2019,POST,http://www.nfl.com/liveupdate/game-center/2019120100/2019120100_gtd.json,20,17
reg,2019120104,JAX,TB,13,2019,POST,http://www.nfl.com/liveupdate/game-center/2019120104/2019120104_gtd.json,11,28
reg,2019120110,PIT,CLE,13,2019,POST,http://www.nfl.com/liveupdate/game-center/2019120110/2019120110_gtd.json,20,13
reg,2019120107,NYG,GB,13,2019,POST,http://www.nfl.com/liveupdate/game-center/2019120107/2019120107_gtd.json,13,31
reg,2019120106,MIA,PHI,13,2019,POST,http://www.nfl.com/liveupdate/game-center/2019120106/2019120106_gtd.json,37,31
reg,2019120108,ARI,LA,13,2019,POST,http://www.nfl.com/liveupdate/game-center/2019120108/2019120108_gtd.json,7,34
reg,2019120109,DEN,LAC,13,2019,POST,http://www.nfl.com/liveupdate/game-center/2019120109/2019120109_gtd.json,23,20
reg,2019120105,KC,OAK,13,2019,POST,http://www.nfl.com/liveupdate/game-center/2019120105/2019120105_gtd.json,40,9
reg,2019120111,HOU,NE,13,2019,POST,http://www.nfl.com/liveupdate/game-center/2019120111/2019120111_gtd.json,28,22
reg,2019120200,SEA,MIN,13,2019,POST,http://www.nfl.com/liveupdate/game-center/2019120200/2019120200_gtd.json,37,30
reg,2019120500,CHI,DAL,14,2019,POST,http://www.nfl.com/liveupdate/game-center/2019120500/2019120500_gtd.json,31,24
reg,2019120800,ATL,CAR,14,2019,POST,http://www.nfl.com/liveupdate/game-center/2019120800/2019120800_gtd.json,40,20
reg,2019120808,TB,IND,14,2019,POST,http://www.nfl.com/liveupdate/game-center/2019120808/2019120808_gtd.json,38,35
reg,2019120807,NYJ,MIA,14,2019,POST,http://www.nfl.com/liveupdate/game-center/2019120807/2019120807_gtd.json,22,21
reg,2019120806,NO,SF,14,2019,POST,http://www.nfl.com/liveupdate/game-center/2019120806/2019120806_gtd.json,46,48
reg,2019120805,MIN,DET,14,2019,POST,http://www.nfl.com/liveupdate/game-center/2019120805/2019120805_gtd.json,20,7
reg,2019120804,HOU,DEN,14,2019,POST,http://www.nfl.com/liveupdate/game-center/2019120804/2019120804_gtd.json,24,38
reg,2019120801,BUF,BAL,14,2019,POST,http://www.nfl.com/liveupdate/game-center/2019120801/2019120801_gtd.json,17,24
reg,2019120802,CLE,CIN,14,2019,POST,http://www.nfl.com/liveupdate/game-center/2019120802/2019120802_gtd.json,27,19
reg,2019120803,GB,WAS,14,2019,POST,http://www.nfl.com/liveupdate/game-center/2019120803/2019120803_gtd.json,20,15
reg,2019120809,JAX,LAC,14,2019,POST,http://www.nfl.com/liveupdate/game-center/2019120809/2019120809_gtd.json,10,45
reg,2019120810,ARI,PIT,14,2019,POST,http://www.nfl.com/liveupdate/game-center/2019120810/2019120810_gtd.json,17,23
reg,2019120812,OAK,TEN,14,2019,POST,http://www.nfl.com/liveupdate/game-center/2019120812/2019120812_gtd.json,21,42
reg,2019120811,NE,KC,14,2019,POST,http://www.nfl.com/liveupdate/game-center/2019120811/2019120811_gtd.json,16,23
reg,2019120813,LA,SEA,14,2019,POST,http://www.nfl.com/liveupdate/game-center/2019120813/2019120813_gtd.json,28,12
reg,2019120900,PHI,NYG,14,2019,POST,http://www.nfl.com/liveupdate/game-center/2019120900/2019120900_gtd.json,23,17
reg,2019121200,BAL,NYJ,15,2019,POST,http://www.nfl.com/liveupdate/game-center/2019121200/2019121200_gtd.json,42,21
reg,2019121501,CIN,NE,15,2019,POST,http://www.nfl.com/liveupdate/game-center/2019121501/2019121501_gtd.json,13,34
reg,2019121502,DET,TB,15,2019,POST,http://www.nfl.com/liveupdate/game-center/2019121502/2019121502_gtd.json,17,38
reg,2019121507,TEN,HOU,15,2019,POST,http://www.nfl.com/liveupdate/game-center/2019121507/2019121507_gtd.json,21,24
reg,2019121504,KC,DEN,15,2019,POST,http://www.nfl.com/liveupdate/game-center/2019121504/2019121504_gtd.json,23,3
reg,2019121505,NYG,MIA,15,2019,POST,http://www.nfl.com/liveupdate/game-center/2019121505/2019121505_gtd.json,36,20
reg,2019121508,WAS,PHI,15,2019,POST,http://www.nfl.com/liveupdate/game-center/2019121508/2019121508_gtd.json,27,37
reg,2019121500,CAR,SEA,15,2019,POST,http://www.nfl.com/liveupdate/game-center/2019121500/2019121500_gtd.json,24,30
reg,2019121503,GB,CHI,15,2019,POST,http://www.nfl.com/liveupdate/game-center/2019121503/2019121503_gtd.json,21,13
reg,2019121513,LAC,MIN,15,2019,POST,http://www.nfl.com/liveupdate/game-center/2019121513/2019121513_gtd.json,10,39
reg,2019121510,OAK,JAX,15,2019,POST,http://www.nfl.com/liveupdate/game-center/2019121510/2019121510_gtd.json,16,20
reg,2019121509,ARI,CLE,15,2019,POST,http://www.nfl.com/liveupdate/game-center/2019121509/2019121509_gtd.json,38,24
reg,2019121511,DAL,LA,15,2019,POST,http://www.nfl.com/liveupdate/game-center/2019121511/2019121511_gtd.json,44,21
reg,2019121512,SF,ATL,15,2019,POST,http://www.nfl.com/liveupdate/game-center/2019121512/2019121512_gtd.json,22,29
reg,2019121506,PIT,BUF,15,2019,POST,http://www.nfl.com/liveupdate/game-center/2019121506/2019121506_gtd.json,10,17
reg,2019121600,NO,IND,15,2019,POST,http://www.nfl.com/liveupdate/game-center/2019121600/2019121600_gtd.json,34,7
reg,2019122100,TB,HOU,16,2019,POST,http://www.nfl.com/liveupdate/game-center/2019122100/2019122100_gtd.json,20,23
reg,2019122101,NE,BUF,16,2019,POST,http://www.nfl.com/liveupdate/game-center/2019122101/2019122101_gtd.json,24,17
reg,2019122102,SF,LA,16,2019,POST,http://www.nfl.com/liveupdate/game-center/2019122102/2019122102_gtd.json,34,31
reg,2019122208,MIA,CIN,16,2019,POST,http://www.nfl.com/liveupdate/game-center/2019122208/2019122208_gtd.json,38,35
reg,2019122209,NYJ,PIT,16,2019,POST,http://www.nfl.com/liveupdate/game-center/2019122209/2019122209_gtd.json,16,10
reg,2019122211,WAS,NYG,16,2019,POST,http://www.nfl.com/liveupdate/game-center/2019122211/2019122211_gtd.json,35,41
reg,2019122207,IND,CAR,16,2019,POST,http://www.nfl.com/liveupdate/game-center/2019122207/2019122207_gtd.json,38,6
reg,2019122206,CLE,BAL,16,2019,POST,http://www.nfl.com/liveupdate/game-center/2019122206/2019122206_gtd.json,15,31
reg,2019122205,ATL,JAX,16,2019,POST,http://www.nfl.com/liveupdate/game-center/2019122205/2019122205_gtd.json,24,12
reg,2019122210,TEN,NO,16,2019,POST,http://www.nfl.com/liveupdate/game-center/2019122210/2019122210_gtd.json,28,38
reg,2019122201,LAC,OAK,16,2019,POST,http://www.nfl.com/liveupdate/game-center/2019122201/2019122201_gtd.json,17,24
reg,2019122200,DEN,DET,16,2019,POST,http://www.nfl.com/liveupdate/game-center/2019122200/2019122200_gtd.json,27,17
reg,2019122213,SEA,ARI,16,2019,POST,http://www.nfl.com/liveupdate/game-center/2019122213/2019122213_gtd.json,13,27
reg,2019122212,PHI,DAL,16,2019,POST,http://www.nfl.com/liveupdate/game-center/2019122212/2019122212_gtd.json,17,9
reg,2019122214,CHI,KC,16,2019,POST,http://www.nfl.com/liveupdate/game-center/2019122214/2019122214_gtd.json,3,26
reg,2019122300,MIN,GB,16,2019,POST,http://www.nfl.com/liveupdate/game-center/2019122300/2019122300_gtd.json,10,23
reg,2019122903,CIN,CLE,17,2019,POST,http://www.nfl.com/liveupdate/game-center/2019122903/2019122903_gtd.json,33,23
reg,2019122910,NE,MIA,17,2019,POST,http://www.nfl.com/liveupdate/game-center/2019122910/2019122910_gtd.json,24,27
reg,2019122909,MIN,CHI,17,2019,POST,http://www.nfl.com/liveupdate/game-center/2019122909/2019122909_gtd.json,19,21
reg,2019122908,KC,LAC,17,2019,POST,http://www.nfl.com/liveupdate/game-center/2019122908/2019122908_gtd.json,31,21
reg,2019122901,BUF,NYJ,17,2019,POST,http://www.nfl.com/liveupdate/game-center/2019122901/2019122901_gtd.json,6,13
reg,2019122905,DET,GB,17,2019,POST,http://www.nfl.com/liveupdate/game-center/2019122905/2019122905_gtd.json,20,23
reg,2019122902,CAR,NO,17,2019,POST,http://www.nfl.com/liveupdate/game-center/2019122902/2019122902_gtd.json,10,42
reg,2019122912,TB,ATL,17,2019,POST,http://www.nfl.com/liveupdate/game-center/2019122912/2019122912_gtd.json,22,28
reg,2019122911,NYG,PHI,17,2019,POST,http://www.nfl.com/liveupdate/game-center/2019122911/2019122911_gtd.json,17,34
reg,2019122906,HOU,TEN,17,2019,POST,http://www.nfl.com/liveupdate/game-center/2019122906/2019122906_gtd.json,14,35
reg,2019122904,DAL,WAS,17,2019,POST,http://www.nfl.com/liveupdate/game-center/2019122904/2019122904_gtd.json,47,16
reg,2019122900,BAL,PIT,17,2019,POST,http://www.nfl.com/liveupdate/game-center/2019122900/2019122900_gtd.json,28,10
reg,2019122907,JAX,IND,17,2019,POST,http://www.nfl.com/liveupdate/game-center/2019122907/2019122907_gtd.json,38,20
reg,2019122913,DEN,OAK,17,2019,POST,http://www.nfl.com/liveupdate/game-center/2019122913/2019122913_gtd.json,16,15
reg,2019122914,LA,ARI,17,2019,POST,http://www.nfl.com/liveupdate/game-center/2019122914/2019122914_gtd.json,31,24
reg,2019122915,SEA,SF,17,2019,POST,http://www.nfl.com/liveupdate/game-center/2019122915/2019122915_gtd.json,21,26
reg,2018090600,PHI,ATL,1,2018,POST,http://www.nfl.com/liveupdate/game-center/2018090600/2018090600_gtd.json,18,12
reg,2018090900,BAL,BUF,1,2018,POST,http://www.nfl.com/liveupdate/game-center/2018090900/2018090900_gtd.json,47,3
reg,2018090907,NYG,JAX,1,2018,POST,http://www.nfl.com/liveupdate/game-center/2018090907/2018090907_gtd.json,15,20
reg,2018090906,NO,TB,1,2018,POST,http://www.nfl.com/liveupdate/game-center/2018090906/2018090906_gtd.json,40,48
reg,2018090905,NE,HOU,1,2018,POST,http://www.nfl.com/liveupdate/game-center/2018090905/2018090905_gtd.json,27,20
reg,2018090904,MIN,SF,1,2018,POST,http://www.nfl.com/liveupdate/game-center/2018090904/2018090904_gtd.json,24,16
reg,2018090903,MIA,TEN,1,2018,POST,http://www.nfl.com/liveupdate/game-center/2018090903/2018090903_gtd.json,27,20
reg,2018090902,IND,CIN,1,2018,POST,http://www.nfl.com/liveupdate/game-center/2018090902/2018090902_gtd.json,23,34
reg,2018090901,CLE,PIT,1,2018,POST,http://www.nfl.com/liveupdate/game-center/2018090901/2018090901_gtd.json,21,21
reg,2018090908,LAC,KC,1,2018,POST,http://www.nfl.com/liveupdate/game-center/2018090908/2018090908_gtd.json,28,38
reg,2018090911,DEN,SEA,1,2018,POST,http://www.nfl.com/liveupdate/game-center/2018090911/2018090911_gtd.json,27,24
reg,2018090910,CAR,DAL,1,2018,POST,http://www.nfl.com/liveupdate/game-center/2018090910/2018090910_gtd.json,16,8
reg,2018090909,ARI,WAS,1,2018,POST,http://www.nfl.com/liveupdate/game-center/2018090909/2018090909_gtd.json,6,24
reg,2018090912,GB,CHI,1,2018,POST,http://www.nfl.com/liveupdate/game-center/2018090912/2018090912_gtd.json,24,23
reg,2018091000,DET,NYJ,1,2018,POST,http://www.nfl.com/liveupdate/game-center/2018091000/2018091000_gtd.json,17,48
reg,2018091001,OAK,LA,1,2018,POST,http://www.nfl.com/liveupdate/game-center/2018091001/2018091001_gtd.json,13,33
reg,2018091300,CIN,BAL,2,2018,POST,http://www.nfl.com/liveupdate/game-center/2018091300/2018091300_gtd.json,34,23
reg,2018091600,ATL,CAR,2,2018,POST,http://www.nfl.com/liveupdate/game-center/2018091600/2018091600_gtd.json,31,24
reg,2018091608,WAS,IND,2,2018,POST,http://www.nfl.com/liveupdate/game-center/2018091608/2018091608_gtd.json,9,21
reg,2018091607,TEN,HOU,2,2018,POST,http://www.nfl.com/liveupdate/game-center/2018091607/2018091607_gtd.json,20,17
reg,2018091606,TB,PHI,2,2018,POST,http://www.nfl.com/liveupdate/game-center/2018091606/2018091606_gtd.json,27,21
reg,2018091605,PIT,KC,2,2018,POST,http://www.nfl.com/liveupdate/game-center/2018091605/2018091605_gtd.json,37,42
reg,2018091604,NYJ,MIA,2,2018,POST,http://www.nfl.com/liveupdate/game-center/2018091604/2018091604_gtd.json,12,20
reg,2018091601,BUF,LAC,2,2018,POST,http://www.nfl.com/liveupdate/game-center/2018091601/2018091601_gtd.json,20,31
reg,2018091602,GB,MIN,2,2018,POST,http://www.nfl.com/liveupdate/game-center/2018091602/2018091602_gtd.json,29,29
reg,2018091603,NO,CLE,2,2018,POST,http://www.nfl.com/liveupdate/game-center/2018091603/2018091603_gtd.json,21,18
reg,2018091610,SF,DET,2,2018,POST,http://www.nfl.com/liveupdate/game-center/2018091610/2018091610_gtd.json,30,27
reg,2018091609,LA,ARI,2,2018,POST,http://www.nfl.com/liveupdate/game-center/2018091609/2018091609_gtd.json,34,0
reg,2018091612,JAX,NE,2,2018,POST,http://www.nfl.com/liveupdate/game-center/2018091612/2018091612_gtd.json,31,20
reg,2018091611,DEN,OAK,2,2018,POST,http://www.nfl.com/liveupdate/game-center/2018091611/2018091611_gtd.json,20,19
reg,2018091613,DAL,NYG,2,2018,POST,http://www.nfl.com/liveupdate/game-center/2018091613/2018091613_gtd.json,20,13
reg,2018091700,CHI,SEA,2,2018,POST,http://www.nfl.com/liveupdate/game-center/2018091700/2018091700_gtd.json,24,17
reg,2018092000,CLE,NYJ,3,2018,POST,http://www.nfl.com/liveupdate/game-center/2018092000/2018092000_gtd.json,21,17
reg,2018092300,ATL,NO,3,2018,POST,http://www.nfl.com/liveupdate/game-center/2018092300/2018092300_gtd.json,37,43
reg,2018092309,WAS,GB,3,2018,POST,http://www.nfl.com/liveupdate/game-center/2018092309/2018092309_gtd.json,31,17
reg,2018092308,PHI,IND,3,2018,POST,http://www.nfl.com/liveupdate/game-center/2018092308/2018092308_gtd.json,20,16
reg,2018092307,MIN,BUF,3,2018,POST,http://www.nfl.com/liveupdate/game-center/2018092307/2018092307_gtd.json,6,27
reg,2018092306,MIA,OAK,3,2018,POST,http://www.nfl.com/liveupdate/game-center/2018092306/2018092306_gtd.json,28,20
reg,2018092301,BAL,DEN,3,2018,POST,http://www.nfl.com/liveupdate/game-center/2018092301/2018092301_gtd.json,27,14
reg,2018092302,CAR,CIN,3,2018,POST,http://www.nfl.com/liveupdate/game-center/2018092302/2018092302_gtd.json,31,21
reg,2018092303,HOU,NYG,3,2018,POST,http://www.nfl.com/liveupdate/game-center/2018092303/2018092303_gtd.json,22,27
reg,2018092304,JAX,TEN,3,2018,POST,http://www.nfl.com/liveupdate/game-center/2018092304/2018092304_gtd.json,6,9
reg,2018092305,KC,SF,3,2018,POST,http://www.nfl.com/liveupdate/game-center/2018092305/2018092305_gtd.json,38,27
reg,2018092310,LA,LAC,3,2018,POST,http://www.nfl.com/liveupdate/game-center/2018092310/2018092310_gtd.json,35,23
reg,2018092312,SEA,DAL,3,2018,POST,http://www.nfl.com/liveupdate/game-center/2018092312/2018092312_gtd.json,24,13
reg,2018092311,ARI,CHI,3,2018,POST,http://www.nfl.com/liveupdate/game-center/2018092311/2018092311_gtd.json,14,16
reg,2018092313,DET,NE,3,2018,POST,http://www.nfl.com/liveupdate/game-center/2018092313/2018092313_gtd.json,26,10
reg,2018092400,TB,PIT,3,2018,POST,http://www.nfl.com/liveupdate/game-center/2018092400/2018092400_gtd.json,27,30
reg,2018092700,LA,MIN,4,2018,POST,http://www.nfl.com/liveupdate/game-center/2018092700/2018092700_gtd.json,38,31
reg,2018093005,JAX,NYJ,4,2018,POST,http://www.nfl.com/liveupdate/game-center/2018093005/2018093005_gtd.json,31,12
reg,2018093006,NE,MIA,4,2018,POST,http://www.nfl.com/liveupdate/game-center/2018093006/2018093006_gtd.json,38,7
reg,2018093007,TEN,PHI,4,2018,POST,http://www.nfl.com/liveupdate/game-center/2018093007/2018093007_gtd.json,26,23
reg,2018093004,IND,HOU,4,2018,POST,http://www.nfl.com/liveupdate/game-center/2018093004/2018093004_gtd.json,34,37
reg,2018093003,GB,BUF,4,2018,POST,http://www.nfl.com/liveupdate/game-center/2018093003/2018093003_gtd.json,22,0
reg,2018093002,DAL,DET,4,2018,POST,http://www.nfl.com/liveupdate/game-center/2018093002/2018093002_gtd.json,26,24
reg,2018093001,CHI,TB,4,2018,POST,http://www.nfl.com/liveupdate/game-center/2018093001/2018093001_gtd.json,48,10
reg,2018093000,ATL,CIN,4,2018,POST,http://www.nfl.com/liveupdate/game-center/2018093000/2018093000_gtd.json,36,37
reg,2018093008,ARI,SEA,4,2018,POST,http://www.nfl.com/liveupdate/game-center/2018093008/2018093008_gtd.json,17,20
reg,2018093009,OAK,CLE,4,2018,POST,http://www.nfl.com/liveupdate/game-center/2018093009/2018093009_gtd.json,45,42
reg,2018093011,NYG,NO,4,2018,POST,http://www.nfl.com/liveupdate/game-center/2018093011/2018093011_gtd.json,18,33
reg,2018093010,LAC,SF,4,2018,POST,http://www.nfl.com/liveupdate/game-center/2018093010/2018093010_gtd.json,29,27
reg,2018093012,PIT,BAL,4,2018,POST,http://www.nfl.com/liveupdate/game-center/2018093012/2018093012_gtd.json,14,26
reg,2018100100,DEN,KC,4,2018,POST,http://www.nfl.com/liveupdate/game-center/2018100100/2018100100_gtd.json,23,27
reg,2018100400,NE,IND,5,2018,POST,http://www.nfl.com/liveupdate/game-center/2018100400/2018100400_gtd.json,38,24
reg,2018100700,BUF,TEN,5,2018,POST,http://www.nfl.com/liveupdate/game-center/2018100700/2018100700_gtd.json,13,12
reg,2018100707,PIT,ATL,5,2018,POST,http://www.nfl.com/liveupdate/game-center/2018100707/2018100707_gtd.json,41,17
reg,2018100706,NYJ,DEN,5,2018,POST,http://www.nfl.com/liveupdate/game-center/2018100706/2018100706_gtd.json,34,16
reg,2018100705,KC,JAX,5,2018,POST,http://www.nfl.com/liveupdate/game-center/2018100705/2018100705_gtd.json,30,14
reg,2018100704,DET,GB,5,2018,POST,http://www.nfl.com/liveupdate/game-center/2018100704/2018100704_gtd.json,31,23
reg,2018100703,CLE,BAL,5,2018,POST,http://www.nfl.com/liveupdate/game-center/2018100703/2018100703_gtd.json,12,9
reg,2018100701,CAR,NYG,5,2018,POST,http://www.nfl.com/liveupdate/game-center/2018100701/2018100701_gtd.json,33,31
reg,2018100702,CIN,MIA,5,2018,POST,http://www.nfl.com/liveupdate/game-center/2018100702/2018100702_gtd.json,27,17
reg,2018100708,LAC,OAK,5,2018,POST,http://www.nfl.com/liveupdate/game-center/2018100708/2018100708_gtd.json,26,10
reg,2018100710,SF,ARI,5,2018,POST,http://www.nfl.com/liveupdate/game-center/2018100710/2018100710_gtd.json,18,28
reg,2018100709,PHI,MIN,5,2018,POST,http://www.nfl.com/liveupdate/game-center/2018100709/2018100709_gtd.json,21,23
reg,2018100711,SEA,LA,5,2018,POST,http://www.nfl.com/liveupdate/game-center/2018100711/2018100711_gtd.json,31,33
reg,2018100712,HOU,DAL,5,2018,POST,http://www.nfl.com/liveupdate/game-center/2018100712/2018100712_gtd.json,19,16
reg,2018100800,NO,WAS,5,2018,POST,http://www.nfl.com/liveupdate/game-center/2018100800/2018100800_gtd.json,43,19
reg,2018101100,NYG,PHI,6,2018,POST,http://www.nfl.com/liveupdate/game-center/2018101100/2018101100_gtd.json,13,34
reg,2018101400,ATL,TB,6,2018,POST,http://www.nfl.com/liveupdate/game-center/2018101400/2018101400_gtd.json,34,29
reg,2018101408,WAS,CAR,6,2018,POST,http://www.nfl.com/liveupdate/game-center/2018101408/2018101408_gtd.json,23,17
reg,2018101407,OAK,SEA,6,2018,POST,http://www.nfl.com/liveupdate/game-center/2018101407/2018101407_gtd.json,3,27
reg,2018101406,NYJ,IND,6,2018,POST,http://www.nfl.com/liveupdate/game-center/2018101406/2018101406_gtd.json,42,34
reg,2018101405,MIN,ARI,6,2018,POST,http://www.nfl.com/liveupdate/game-center/2018101405/2018101405_gtd.json,27,17
reg,2018101401,CIN,PIT,6,2018,POST,http://www.nfl.com/liveupdate/game-center/2018101401/2018101401_gtd.json,21,28
reg,2018101402,CLE,LAC,6,2018,POST,http://www.nfl.com/liveupdate/game-center/2018101402/2018101402_gtd.json,14,38
reg,2018101403,HOU,BUF,6,2018,POST,http://www.nfl.com/liveupdate/game-center/2018101403/2018101403_gtd.json,20,13
reg,2018101404,MIA,CHI,6,2018,POST,http://www.nfl.com/liveupdate/game-center/2018101404/2018101404_gtd.json,31,28
reg,2018101409,DEN,LA,6,2018,POST,http://www.nfl.com/liveupdate/game-center/2018101409/2018101409_gtd.json,20,23
reg,2018101411,TEN,BAL,6,2018,POST,http://www.nfl.com/liveupdate/game-center/2018101411/2018101411_gtd.json,0,21
reg,2018101410,DAL,JAX,6,2018,POST,http://www.nfl.com/liveupdate/game-center/2018101410/2018101410_gtd.json,40,7
reg,2018101412,NE,KC,6,2018,POST,http://www.nfl.com/liveupdate/game-center/2018101412/2018101412_gtd.json,43,40
reg,2018101500,GB,SF,6,2018,POST,http://www.nfl.com/liveupdate/game-center/2018101500/2018101500_gtd.json,33,30
reg,2018101800,ARI,DEN,7,2018,POST,http://www.nfl.com/liveupdate/game-center/2018101800/2018101800_gtd.json,10,45
reg,2018102100,LAC,TEN,7,2018,POST,http://www.nfl.com/liveupdate/game-center/2018102100/2018102100_gtd.json,20,19
reg,2018102104,JAX,HOU,7,2018,POST,http://www.nfl.com/liveupdate/game-center/2018102104/2018102104_gtd.json,7,20
reg,2018102108,PHI,CAR,7,2018,POST,http://www.nfl.com/liveupdate/game-center/2018102108/2018102108_gtd.json,17,21
reg,2018102107,NYJ,MIN,7,2018,POST,http://www.nfl.com/liveupdate/game-center/2018102107/2018102107_gtd.json,17,37
reg,2018102102,CHI,NE,7,2018,POST,http://www.nfl.com/liveupdate/game-center/2018102102/2018102102_gtd.json,31,38
reg,2018102103,IND,BUF,7,2018,POST,http://www.nfl.com/liveupdate/game-center/2018102103/2018102103_gtd.json,37,5
reg,2018102109,TB,CLE,7,2018,POST,http://www.nfl.com/liveupdate/game-center/2018102109/2018102109_gtd.json,26,23
reg,2018102106,MIA,DET,7,2018,POST,http://www.nfl.com/liveupdate/game-center/2018102106/2018102106_gtd.json,21,32
reg,2018102101,BAL,NO,7,2018,POST,http://www.nfl.com/liveupdate/game-center/2018102101/2018102101_gtd.json,23,24
reg,2018102110,WAS,DAL,7,2018,POST,http://www.nfl.com/liveupdate/game-center/2018102110/2018102110_gtd.json,20,17
reg,2018102111,SF,LA,7,2018,POST,http://www.nfl.com/liveupdate/game-center/2018102111/2018102111_gtd.json,10,39
reg,2018102105,KC,CIN,7,2018,POST,http://www.nfl.com/liveupdate/game-center/2018102105/2018102105_gtd.json,45,10
reg,2018102200,ATL,NYG,7,2018,POST,http://www.nfl.com/liveupdate/game-center/2018102200/2018102200_gtd.json,23,20
reg,2018102500,HOU,MIA,8,2018,POST,http://www.nfl.com/liveupdate/game-center/2018102500/2018102500_gtd.json,42,23
reg,2018102800,JAX,PHI,8,2018,POST,http://www.nfl.com/liveupdate/game-center/2018102800/2018102800_gtd.json,18,24
reg,2018102805,KC,DEN,8,2018,POST,http://www.nfl.com/liveupdate/game-center/2018102805/2018102805_gtd.json,30,23
reg,2018102807,PIT,CLE,8,2018,POST,http://www.nfl.com/liveupdate/game-center/2018102807/2018102807_gtd.json,33,18
reg,2018102806,NYG,WAS,8,2018,POST,http://www.nfl.com/liveupdate/game-center/2018102806/2018102806_gtd.json,13,20
reg,2018102804,DET,SEA,8,2018,POST,http://www.nfl.com/liveupdate/game-center/2018102804/2018102804_gtd.json,14,28
reg,2018102803,CIN,TB,8,2018,POST,http://www.nfl.com/liveupdate/game-center/2018102803/2018102803_gtd.json,37,34
reg,2018102802,CHI,NYJ,8,2018,POST,http://www.nfl.com/liveupdate/game-center/2018102802/2018102802_gtd.json,24,10
reg,2018102801,CAR,BAL,8,2018,POST,http://www.nfl.com/liveupdate/game-center/2018102801/2018102801_gtd.json,36,21
reg,2018102808,OAK,IND,8,2018,POST,http://www.nfl.com/liveupdate/game-center/2018102808/2018102808_gtd.json,28,42
reg,2018102809,ARI,SF,8,2018,POST,http://www.nfl.com/liveupdate/game-center/2018102809/2018102809_gtd.json,18,15
reg,2018102810,LA,GB,8,2018,POST,http://www.nfl.com/liveupdate/game-center/2018102810/2018102810_gtd.json,29,27
reg,2018102811,MIN,NO,8,2018,POST,http://www.nfl.com/liveupdate/game-center/2018102811/2018102811_gtd.json,20,30
reg,2018102900,BUF,NE,8,2018,POST,http://www.nfl.com/liveupdate/game-center/2018102900/2018102900_gtd.json,6,25
reg,2018110100,SF,OAK,9,2018,POST,http://www.nfl.com/liveupdate/game-center/2018110100/2018110100_gtd.json,34,3
reg,2018110401,BUF,CHI,9,2018,POST,http://www.nfl.com/liveupdate/game-center/2018110401/2018110401_gtd.json,9,41
reg,2018110402,CAR,TB,9,2018,POST,http://www.nfl.com/liveupdate/game-center/2018110402/2018110402_gtd.json,42,28
reg,2018110403,CLE,KC,9,2018,POST,http://www.nfl.com/liveupdate/game-center/2018110403/2018110403_gtd.json,21,37
reg,2018110404,MIA,NYJ,9,2018,POST,http://www.nfl.com/liveupdate/game-center/2018110404/2018110404_gtd.json,13,6
reg,2018110400,BAL,PIT,9,2018,POST,http://www.nfl.com/liveupdate/game-center/2018110400/2018110400_gtd.json,16,23
reg,2018110405,MIN,DET,9,2018,POST,http://www.nfl.com/liveupdate/game-center/2018110405/2018110405_gtd.json,24,9
reg,2018110406,WAS,ATL,9,2018,POST,http://www.nfl.com/liveupdate/game-center/2018110406/2018110406_gtd.json,14,38
reg,2018110407,DEN,HOU,9,2018,POST,http://www.nfl.com/liveupdate/game-center/2018110407/2018110407_gtd.json,17,19
reg,2018110408,SEA,LAC,9,2018,POST,http://www.nfl.com/liveupdate/game-center/2018110408/2018110408_gtd.json,17,25
reg,2018110409,NO,LA,9,2018,POST,http://www.nfl.com/liveupdate/game-center/2018110409/2018110409_gtd.json,45,35
reg,2018110410,NE,GB,9,2018,POST,http://www.nfl.com/liveupdate/game-center/2018110410/2018110410_gtd.json,31,17
reg,2018110500,DAL,TEN,9,2018,POST,http://www.nfl.com/liveupdate/game-center/2018110500/2018110500_gtd.json,14,28
reg,2018110800,PIT,CAR,10,2018,POST,http://www.nfl.com/liveupdate/game-center/2018110800/2018110800_gtd.json,52,21
reg,2018111101,CIN,NO,10,2018,POST,http://www.nfl.com/liveupdate/game-center/2018111101/2018111101_gtd.json,14,51
reg,2018111102,CLE,ATL,10,2018,POST,http://www.nfl.com/liveupdate/game-center/2018111102/2018111102_gtd.json,28,16
reg,2018111100,CHI,DET,10,2018,POST,http://www.nfl.com/liveupdate/game-center/2018111100/2018111100_gtd.json,34,22
reg,2018111105,KC,ARI,10,2018,POST,http://www.nfl.com/liveupdate/game-center/2018111105/2018111105_gtd.json,26,14
reg,2018111108,TEN,NE,10,2018,POST,http://www.nfl.com/liveupdate/game-center/2018111108/2018111108_gtd.json,34,10
reg,2018111107,TB,WAS,10,2018,POST,http://www.nfl.com/liveupdate/game-center/2018111107/2018111107_gtd.json,3,16
reg,2018111106,NYJ,BUF,10,2018,POST,http://www.nfl.com/liveupdate/game-center/2018111106/2018111106_gtd.json,10,41
reg,2018111104,IND,JAX,10,2018,POST,http://www.nfl.com/liveupdate/game-center/2018111104/2018111104_gtd.json,29,26
reg,2018111109,OAK,LAC,10,2018,POST,http://www.nfl.com/liveupdate/game-center/2018111109/2018111109_gtd.json,6,20
reg,2018111110,LA,SEA,10,2018,POST,http://www.nfl.com/liveupdate/game-center/2018111110/2018111110_gtd.json,36,31
reg,2018111103,GB,MIA,10,2018,POST,http://www.nfl.com/liveupdate/game-center/2018111103/2018111103_gtd.json,31,12
reg,2018111111,PHI,DAL,10,2018,POST,http://www.nfl.com/liveupdate/game-center/2018111111/2018111111_gtd.json,20,27
reg,2018111200,SF,NYG,10,2018,POST,http://www.nfl.com/liveupdate/game-center/2018111200/2018111200_gtd.json,23,27
reg,2018111500,SEA,GB,11,2018,POST,http://www.nfl.com/liveupdate/game-center/2018111500/2018111500_gtd.json,27,24
reg,2018111801,BAL,CIN,11,2018,POST,http://www.nfl.com/liveupdate/game-center/2018111801/2018111801_gtd.json,24,21
reg,2018111800,ATL,DAL,11,2018,POST,http://www.nfl.com/liveupdate/game-center/2018111800/2018111800_gtd.json,19,22
reg,2018111805,NYG,TB,11,2018,POST,http://www.nfl.com/liveupdate/game-center/2018111805/2018111805_gtd.json,38,35
reg,2018111810,JAX,PIT,11,2018,POST,http://www.nfl.com/liveupdate/game-center/2018111810/2018111810_gtd.json,16,20
reg,2018111806,WAS,HOU,11,2018,POST,http://www.nfl.com/liveupdate/game-center/2018111806/2018111806_gtd.json,21,23
reg,2018111804,IND,TEN,11,2018,POST,http://www.nfl.com/liveupdate/game-center/2018111804/2018111804_gtd.json,38,10
reg,2018111803,DET,CAR,11,2018,POST,http://www.nfl.com/liveupdate/game-center/2018111803/2018111803_gtd.json,20,19
reg,2018111808,LAC,DEN,11,2018,POST,http://www.nfl.com/liveupdate/game-center/2018111808/2018111808_gtd.json,22,23
reg,2018111807,ARI,OAK,11,2018,POST,http://www.nfl.com/liveupdate/game-center/2018111807/2018111807_gtd.json,21,23
reg,2018111809,NO,PHI,11,2018,POST,http://www.nfl.com/liveupdate/game-center/2018111809/2018111809_gtd.json,48,7
reg,2018111802,CHI,MIN,11,2018,POST,http://www.nfl.com/liveupdate/game-center/2018111802/2018111802_gtd.json,25,20
reg,2018111900,LA,KC,11,2018,POST,http://www.nfl.com/liveupdate/game-center/2018111900/2018111900_gtd.json,54,51
reg,2018112200,DET,CHI,12,2018,POST,http://www.nfl.com/liveupdate/game-center/2018112200/2018112200_gtd.json,16,23
reg,2018112201,DAL,WAS,12,2018,POST,http://www.nfl.com/liveupdate/game-center/2018112201/2018112201_gtd.json,31,23
reg,2018112202,NO,ATL,12,2018,POST,http://www.nfl.com/liveupdate/game-center/2018112202/2018112202_gtd.json,31,17
reg,2018112503,CIN,CLE,12,2018,POST,http://www.nfl.com/liveupdate/game-center/2018112503/2018112503_gtd.json,20,35
reg,2018112507,TB,SF,12,2018,POST,http://www.nfl.com/liveupdate/game-center/2018112507/2018112507_gtd.json,27,9
reg,2018112501,BUF,JAX,12,2018,POST,http://www.nfl.com/liveupdate/game-center/2018112501/2018112501_gtd.json,24,21
reg,2018112500,BAL,OAK,12,2018,POST,http://www.nfl.com/liveupdate/game-center/2018112500/2018112500_gtd.json,34,17
reg,2018112502,CAR,SEA,12,2018,POST,http://www.nfl.com/liveupdate/game-center/2018112502/2018112502_gtd.json,27,30
reg,2018112505,NYJ,NE,12,2018,POST,http://www.nfl.com/liveupdate/game-center/2018112505/2018112505_gtd.json,13,27
reg,2018112506,PHI,NYG,12,2018,POST,http://www.nfl.com/liveupdate/game-center/2018112506/2018112506_gtd.json,25,22
reg,2018112508,LAC,ARI,12,2018,POST,http://www.nfl.com/liveupdate/game-center/2018112508/2018112508_gtd.json,45,10
reg,2018112504,IND,MIA,12,2018,POST,http://www.nfl.com/liveupdate/game-center/2018112504/2018112504_gtd.json,27,24
reg,2018112509,DEN,PIT,12,2018,POST,http://www.nfl.com/liveupdate/game-center/2018112509/2018112509_gtd.json,24,17
reg,2018112510,MIN,GB,12,2018,POST,http://www.nfl.com/liveupdate/game-center/2018112510/2018112510_gtd.json,24,17
reg,2018112600,HOU,TEN,12,2018,POST,http://www.nfl.com/liveupdate/game-center/2018112600/2018112600_gtd.json,34,17
reg,2018112900,DAL,NO,13,2018,POST,http://www.nfl.com/liveupdate/game-center/2018112900/2018112900_gtd.json,13,10
reg,2018120200,ATL,BAL,13,2018,POST,http://www.nfl.com/liveupdate/game-center/2018120200/2018120200_gtd.json,16,26
reg,2018120209,TB,CAR,13,2018,POST,http://www.nfl.com/liveupdate/game-center/2018120209/2018120209_gtd.json,24,17
reg,2018120207,NYG,CHI,13,2018,POST,http://www.nfl.com/liveupdate/game-center/2018120207/2018120207_gtd.json,30,27
reg,2018120206,MIA,BUF,13,2018,POST,http://www.nfl.com/liveupdate/game-center/2018120206/2018120206_gtd.json,21,17
reg,2018120205,JAX,IND,13,2018,POST,http://www.nfl.com/liveupdate/game-center/2018120205/2018120205_gtd.json,6,0
reg,2018120204,HOU,CLE,13,2018,POST,http://www.nfl.com/liveupdate/game-center/2018120204/2018120204_gtd.json,29,13
reg,2018120201,CIN,DEN,13,2018,POST,http://www.nfl.com/liveupdate/game-center/2018120201/2018120201_gtd.json,10,24
reg,2018120202,DET,LA,13,2018,POST,http://www.nfl.com/liveupdate/game-center/2018120202/2018120202_gtd.json,16,30
reg,2018120203,GB,ARI,13,2018,POST,http://www.nfl.com/liveupdate/game-center/2018120203/2018120203_gtd.json,17,20
reg,2018120210,OAK,KC,13,2018,POST,http://www.nfl.com/liveupdate/game-center/2018120210/2018120210_gtd.json,33,40
reg,2018120211,TEN,NYJ,13,2018,POST,http://www.nfl.com/liveupdate/game-center/2018120211/2018120211_gtd.json,26,22
reg,2018120213,SEA,SF,13,2018,POST,http://www.nfl.com/liveupdate/game-center/2018120213/2018120213_gtd.json,43,16
reg,2018120212,NE,MIN,13,2018,POST,http://www.nfl.com/liveupdate/game-center/2018120212/2018120212_gtd.json,24,10
reg,2018120208,PIT,LAC,13,2018,POST,http://www.nfl.com/liveupdate/game-center/2018120208/2018120208_gtd.json,30,33
reg,2018120300,PHI,WAS,13,2018,POST,http://www.nfl.com/liveupdate/game-center/2018120300/2018120300_gtd.json,28,13
reg,2018120600,TEN,JAX,14,2018,POST,http://www.nfl.com/liveupdate/game-center/2018120600/2018120600_gtd.json,30,9
reg,2018120900,BUF,NYJ,14,2018,POST,http://www.nfl.com/liveupdate/game-center/2018120900/2018120900_gtd.json,23,27
reg,2018120908,WAS,NYG,14,2018,POST,http://www.nfl.com/liveupdate/game-center/2018120908/2018120908_gtd.json,16,40
reg,2018120907,TB,NO,14,2018,POST,http://www.nfl.com/liveupdate/game-center/2018120907/2018120907_gtd.json,14,28
reg,2018120906,MIA,NE,14,2018,POST,http://www.nfl.com/liveupdate/game-center/2018120906/2018120906_gtd.json,34,33
reg,2018120905,KC,BAL,14,2018,POST,http://www.nfl.com/liveupdate/game-center/2018120905/2018120905_gtd.json,27,24
reg,2018120904,HOU,IND,14,2018,POST,http://www.nfl.com/liveupdate/game-center/2018120904/2018120904_gtd.json,21,24
reg,2018120903,GB,ATL,14,2018,POST,http://www.nfl.com/liveupdate/game-center/2018120903/2018120903_gtd.json,34,20
reg,2018120902,CLE,CAR,14,2018,POST,http://www.nfl.com/liveupdate/game-center/2018120902/2018120902_gtd.json,26,20
reg,2018120910,SF,DEN,14,2018,POST,http://www.nfl.com/liveupdate/game-center/2018120910/2018120910_gtd.json,20,14
reg,2018120909,LAC,CIN,14,2018,POST,http://www.nfl.com/liveupdate/game-center/2018120909/2018120909_gtd.json,26,21
reg,2018120911,ARI,DET,14,2018,POST,http://www.nfl.com/liveupdate/game-center/2018120911/2018120911_gtd.json,3,17
reg,2018120913,OAK,PIT,14,2018,POST,http://www.nfl.com/liveupdate/game-center/2018120913/2018120913_gtd.json,24,21
reg,2018120912,DAL,PHI,14,2018,POST,http://www.nfl.com/liveupdate/game-center/2018120912/2018120912_gtd.json,29,23
reg,2018120901,CHI,LA,14,2018,POST,http://www.nfl.com/liveupdate/game-center/2018120901/2018120901_gtd.json,15,6
reg,2018121000,SEA,MIN,14,2018,POST,http://www.nfl.com/liveupdate/game-center/2018121000/2018121000_gtd.json,21,7
reg,2018121300,KC,LAC,15,2018,POST,http://www.nfl.com/liveupdate/game-center/2018121300/2018121300_gtd.json,28,29
reg,2018121500,NYJ,HOU,15,2018,POST,http://www.nfl.com/liveupdate/game-center/2018121500/2018121500_gtd.json,22,29
reg,2018121501,DEN,CLE,15,2018,POST,http://www.nfl.com/liveupdate/game-center/2018121501/2018121501_gtd.json,16,17
reg,2018121603,CHI,GB,15,2018,POST,http://www.nfl.com/liveupdate/game-center/2018121603/2018121603_gtd.json,24,17
reg,2018121602,BUF,DET,15,2018,POST,http://www.nfl.com/liveupdate/game-center/2018121602/2018121602_gtd.json,14,13
reg,2018121601,BAL,TB,15,2018,POST,http://www.nfl.com/liveupdate/game-center/2018121601/2018121601_gtd.json,20,12
reg,2018121600,ATL,ARI,15,2018,POST,http://www.nfl.com/liveupdate/game-center/2018121600/2018121600_gtd.json,40,14
reg,2018121604,CIN,OAK,15,2018,POST,http://www.nfl.com/liveupdate/game-center/2018121604/2018121604_gtd.json,30,16
reg,2018121608,NYG,TEN,15,2018,POST,http://www.nfl.com/liveupdate/game-center/2018121608/2018121608_gtd.json,0,17
reg,2018121607,MIN,MIA,15,2018,POST,http://www.nfl.com/liveupdate/game-center/2018121607/2018121607_gtd.json,41,17
reg,2018121606,JAX,WAS,15,2018,POST,http://www.nfl.com/liveupdate/game-center/2018121606/2018121606_gtd.json,13,16
reg,2018121605,IND,DAL,15,2018,POST,http://www.nfl.com/liveupdate/game-center/2018121605/2018121605_gtd.json,23,0
reg,2018121609,SF,SEA,15,2018,POST,http://www.nfl.com/liveupdate/game-center/2018121609/2018121609_gtd.json,26,23
reg,2018121610,PIT,NE,15,2018,POST,http://www.nfl.com/liveupdate/game-center/2018121610/2018121610_gtd.json,17,10
reg,2018121611,LA,PHI,15,2018,POST,http://www.nfl.com/liveupdate/game-center/2018121611/2018121611_gtd.json,23,30
reg,2018121700,CAR,NO,15,2018,POST,http://www.nfl.com/liveupdate/game-center/2018121700/2018121700_gtd.json,9,12
reg,2018122200,TEN,WAS,16,2018,POST,http://www.nfl.com/liveupdate/game-center/2018122200/2018122200_gtd.json,25,16
reg,2018122201,LAC,BAL,16,2018,POST,http://www.nfl.com/liveupdate/game-center/2018122201/2018122201_gtd.json,10,22
reg,2018122305,CLE,CIN,16,2018,POST,http://www.nfl.com/liveupdate/game-center/2018122305/2018122305_gtd.json,26,18
reg,2018122306,DAL,TB,16,2018,POST,http://www.nfl.com/liveupdate/game-center/2018122306/2018122306_gtd.json,27,20
reg,2018122307,DET,MIN,16,2018,POST,http://www.nfl.com/liveupdate/game-center/2018122307/2018122307_gtd.json,9,27
reg,2018122308,NE,BUF,16,2018,POST,http://www.nfl.com/liveupdate/game-center/2018122308/2018122308_gtd.json,24,12
reg,2018122309,NYJ,GB,16,2018,POST,http://www.nfl.com/liveupdate/game-center/2018122309/2018122309_gtd.json,38,44
reg,2018122310,PHI,HOU,16,2018,POST,http://www.nfl.com/liveupdate/game-center/2018122310/2018122310_gtd.json,32,30
reg,2018122304,CAR,ATL,16,2018,POST,http://www.nfl.com/liveupdate/game-center/2018122304/2018122304_gtd.json,10,24
reg,2018122300,IND,NYG,16,2018,POST,http://www.nfl.com/liveupdate/game-center/2018122300/2018122300_gtd.json,28,27
reg,2018122302,MIA,JAX,16,2018,POST,http://www.nfl.com/liveupdate/game-center/2018122302/2018122302_gtd.json,7,17
reg,2018122311,ARI,LA,16,2018,POST,http://www.nfl.com/liveupdate/game-center/2018122311/2018122311_gtd.json,9,31
reg,2018122312,SF,CHI,16,2018,POST,http://www.nfl.com/liveupdate/game-center/2018122312/2018122312_gtd.json,9,14
reg,2018122313,NO,PIT,16,2018,POST,http://www.nfl.com/liveupdate/game-center/2018122313/2018122313_gtd.json,31,28
reg,2018122314,SEA,KC,16,2018,POST,http://www.nfl.com/liveupdate/game-center/2018122314/2018122314_gtd.json,38,31
reg,2018122400,OAK,DEN,16,2018,POST,http://www.nfl.com/liveupdate/game-center/2018122400/2018122400_gtd.json,27,14
reg,2018123001,BUF,MIA,17,2018,POST,http://www.nfl.com/liveupdate/game-center/2018123001/2018123001_gtd.json,42,17
reg,2018123010,TB,ATL,17,2018,POST,http://www.nfl.com/liveupdate/game-center/2018123010/2018123010_gtd.json,32,34
reg,2018123008,NYG,DAL,17,2018,POST,http://www.nfl.com/liveupdate/game-center/2018123008/2018123008_gtd.json,35,36
reg,2018123007,NO,CAR,17,2018,POST,http://www.nfl.com/liveupdate/game-center/2018123007/2018123007_gtd.json,14,33
reg,2018123006,NE,NYJ,17,2018,POST,http://www.nfl.com/liveupdate/game-center/2018123006/2018123006_gtd.json,38,3
reg,2018123003,HOU,JAX,17,2018,POST,http://www.nfl.com/liveupdate/game-center/2018123003/2018123003_gtd.json,20,3
reg,2018123002,GB,DET,17,2018,POST,http://www.nfl.com/liveupdate/game-center/2018123002/2018123002_gtd.json,0,31
reg,2018123012,WAS,PHI,17,2018,POST,http://www.nfl.com/liveupdate/game-center/2018123012/2018123012_gtd.json,0,24
reg,2018123013,DEN,LAC,17,2018,POST,http://www.nfl.com/liveupdate/game-center/2018123013/2018123013_gtd.json,9,23
reg,2018123004,KC,OAK,17,2018,POST,http://www.nfl.com/liveupdate/game-center/2018123004/2018123004_gtd.json,35,3
reg,2018123005,MIN,CHI,17,2018,POST,http://www.nfl.com/liveupdate/game-center/2018123005/2018123005_gtd.json,10,24
reg,2018123000,BAL,CLE,17,2018,POST,http://www.nfl.com/liveupdate/game-center/2018123000/2018123000_gtd.json,26,24
reg,2018123014,LA,SF,17,2018,POST,http://www.nfl.com/liveupdate/game-center/2018123014/2018123014_gtd.json,48,32
reg,2018123009,PIT,CIN,17,2018,POST,http://www.nfl.com/liveupdate/game-center/2018123009/2018123009_gtd.json,16,13
reg,2018123015,SEA,ARI,17,2018,POST,http://www.nfl.com/liveupdate/game-center/2018123015/2018123015_gtd.json,27,24
reg,2018123011,TEN,IND,17,2018,POST,http://www.nfl.com/liveupdate/game-center/2018123011/2018123011_gtd.json,17,33
reg,2017090700,NE,KC,1,2017,POST,http://www.nfl.com/liveupdate/game-center/2017090700/2017090700_gtd.json,27,42
reg,2017091000,BUF,NYJ,1,2017,POST,http://www.nfl.com/liveupdate/game-center/2017091000/2017091000_gtd.json,21,12
reg,2017091008,WAS,PHI,1,2017,POST,http://www.nfl.com/liveupdate/game-center/2017091008/2017091008_gtd.json,17,30
reg,2017091007,TEN,OAK,1,2017,POST,http://www.nfl.com/liveupdate/game-center/2017091007/2017091007_gtd.json,16,26
reg,2017091005,HOU,JAX,1,2017,POST,http://www.nfl.com/liveupdate/game-center/2017091005/2017091005_gtd.json,7,29
reg,2017091004,DET,ARI,1,2017,POST,http://www.nfl.com/liveupdate/game-center/2017091004/2017091004_gtd.json,35,23
reg,2017091003,CLE,PIT,1,2017,POST,http://www.nfl.com/liveupdate/game-center/2017091003/2017091003_gtd.json,18,21
reg,2017091001,CHI,ATL,1,2017,POST,http://www.nfl.com/liveupdate/game-center/2017091001/2017091001_gtd.json,17,23
reg,2017091002,CIN,BAL,1,2017,POST,http://www.nfl.com/liveupdate/game-center/2017091002/2017091002_gtd.json,0,20
reg,2017091009,LA,IND,1,2017,POST,http://www.nfl.com/liveupdate/game-center/2017091009/2017091009_gtd.json,46,9
reg,2017091011,SF,CAR,1,2017,POST,http://www.nfl.com/liveupdate/game-center/2017091011/2017091011_gtd.json,3,23
reg,2017091010,GB,SEA,1,2017,POST,http://www.nfl.com/liveupdate/game-center/2017091010/2017091010_gtd.json,17,9
reg,2017091012,DAL,NYG,1,2017,POST,http://www.nfl.com/liveupdate/game-center/2017091012/2017091012_gtd.json,19,3
reg,2017091100,MIN,NO,1,2017,POST,http://www.nfl.com/liveupdate/game-center/2017091100/2017091100_gtd.json,29,19
reg,2017091101,DEN,LAC,1,2017,POST,http://www.nfl.com/liveupdate/game-center/2017091101/2017091101_gtd.json,24,21
reg,2017091400,CIN,HOU,2,2017,POST,http://www.nfl.com/liveupdate/game-center/2017091400/2017091400_gtd.json,9,13
reg,2017091700,BAL,CLE,2,2017,POST,http://www.nfl.com/liveupdate/game-center/2017091700/2017091700_gtd.json,24,10
reg,2017091707,TB,CHI,2,2017,POST,http://www.nfl.com/liveupdate/game-center/2017091707/2017091707_gtd.json,29,7
reg,2017091706,PIT,MIN,2,2017,POST,http://www.nfl.com/liveupdate/game-center/2017091706/2017091706_gtd.json,26,9
reg,2017091705,NO,NE,2,2017,POST,http://www.nfl.com/liveupdate/game-center/2017091705/2017091705_gtd.json,20,36
reg,2017091704,KC,PHI,2,2017,POST,http://www.nfl.com/liveupdate/game-center/2017091704/2017091704_gtd.json,27,20
reg,2017091703,JAX,TEN,2,2017,POST,http://www.nfl.com/liveupdate/game-center/2017091703/2017091703_gtd.json,16,37
reg,2017091702,IND,ARI,2,2017,POST,http://www.nfl.com/liveupdate/game-center/2017091702/2017091702_gtd.json,13,16
reg,2017091701,CAR,BUF,2,2017,POST,http://www.nfl.com/liveupdate/game-center/2017091701/2017091701_gtd.json,9,3
reg,2017091709,OAK,NYJ,2,2017,POST,http://www.nfl.com/liveupdate/game-center/2017091709/2017091709_gtd.json,45,20
reg,2017091708,LAC,MIA,2,2017,POST,http://www.nfl.com/liveupdate/game-center/2017091708/2017091708_gtd.json,17,19
reg,2017091712,SEA,SF,2,2017,POST,http://www.nfl.com/liveupdate/game-center/2017091712/2017091712_gtd.json,12,9
reg,2017091711,LA,WAS,2,2017,POST,http://www.nfl.com/liveupdate/game-center/2017091711/2017091711_gtd.json,20,27
reg,2017091710,DEN,DAL,2,2017,POST,http://www.nfl.com/liveupdate/game-center/2017091710/2017091710_gtd.json,42,17
reg,2017091713,ATL,GB,2,2017,POST,http://www.nfl.com/liveupdate/game-center/2017091713/2017091713_gtd.json,34,23
reg,2017091800,NYG,DET,2,2017,POST,http://www.nfl.com/liveupdate/game-center/2017091800/2017091800_gtd.json,10,24
reg,2017092100,SF,LA,3,2017,POST,http://www.nfl.com/liveupdate/game-center/2017092100/2017092100_gtd.json,39,41
reg,2017092400,JAX,BAL,3,2017,POST,http://www.nfl.com/liveupdate/game-center/2017092400/2017092400_gtd.json,44,7
reg,2017092405,IND,CLE,3,2017,POST,http://www.nfl.com/liveupdate/game-center/2017092405/2017092405_gtd.json,31,28
reg,2017092409,PHI,NYG,3,2017,POST,http://www.nfl.com/liveupdate/game-center/2017092409/2017092409_gtd.json,27,24
reg,2017092408,NYJ,MIA,3,2017,POST,http://www.nfl.com/liveupdate/game-center/2017092408/2017092408_gtd.json,20,6
reg,2017092401,BUF,DEN,3,2017,POST,http://www.nfl.com/liveupdate/game-center/2017092401/2017092401_gtd.json,26,16
reg,2017092402,CAR,NO,3,2017,POST,http://www.nfl.com/liveupdate/game-center/2017092402/2017092402_gtd.json,13,34
reg,2017092403,CHI,PIT,3,2017,POST,http://www.nfl.com/liveupdate/game-center/2017092403/2017092403_gtd.json,23,17
reg,2017092404,DET,ATL,3,2017,POST,http://www.nfl.com/liveupdate/game-center/2017092404/2017092404_gtd.json,26,30
reg,2017092406,MIN,TB,3,2017,POST,http://www.nfl.com/liveupdate/game-center/2017092406/2017092406_gtd.json,34,17
reg,2017092407,NE,HOU,3,2017,POST,http://www.nfl.com/liveupdate/game-center/2017092407/2017092407_gtd.json,36,33
reg,2017092410,TEN,SEA,3,2017,POST,http://www.nfl.com/liveupdate/game-center/2017092410/2017092410_gtd.json,33,27
reg,2017092411,GB,CIN,3,2017,POST,http://www.nfl.com/liveupdate/game-center/2017092411/2017092411_gtd.json,27,24
reg,2017092412,LAC,KC,3,2017,POST,http://www.nfl.com/liveupdate/game-center/2017092412/2017092412_gtd.json,10,24
reg,2017092413,WAS,OAK,3,2017,POST,http://www.nfl.com/liveupdate/game-center/2017092413/2017092413_gtd.json,27,10
reg,2017092500,ARI,DAL,3,2017,POST,http://www.nfl.com/liveupdate/game-center/2017092500/2017092500_gtd.json,17,28
reg,2017092800,GB,CHI,4,2017,POST,http://www.nfl.com/liveupdate/game-center/2017092800/2017092800_gtd.json,35,14
reg,2017100100,MIA,NO,4,2017,POST,http://www.nfl.com/liveupdate/game-center/2017100100/2017100100_gtd.json,0,20
reg,2017100105,HOU,TEN,4,2017,POST,http://www.nfl.com/liveupdate/game-center/2017100105/2017100105_gtd.json,57,14
reg,2017100108,NYJ,JAX,4,2017,POST,http://www.nfl.com/liveupdate/game-center/2017100108/2017100108_gtd.json,23,20
reg,2017100107,NE,CAR,4,2017,POST,http://www.nfl.com/liveupdate/game-center/2017100107/2017100107_gtd.json,30,33
reg,2017100106,MIN,DET,4,2017,POST,http://www.nfl.com/liveupdate/game-center/2017100106/2017100106_gtd.json,7,14
reg,2017100101,ATL,BUF,4,2017,POST,http://www.nfl.com/liveupdate/game-center/2017100101/2017100101_gtd.json,17,23
reg,2017100102,BAL,PIT,4,2017,POST,http://www.nfl.com/liveupdate/game-center/2017100102/2017100102_gtd.json,9,26
reg,2017100103,CLE,CIN,4,2017,POST,http://www.nfl.com/liveupdate/game-center/2017100103/2017100103_gtd.json,7,31
reg,2017100104,DAL,LA,4,2017,POST,http://www.nfl.com/liveupdate/game-center/2017100104/2017100104_gtd.json,30,35
reg,2017100110,LAC,PHI,4,2017,POST,http://www.nfl.com/liveupdate/game-center/2017100110/2017100110_gtd.json,24,26
reg,2017100111,TB,NYG,4,2017,POST,http://www.nfl.com/liveupdate/game-center/2017100111/2017100111_gtd.json,25,23
reg,2017100109,ARI,SF,4,2017,POST,http://www.nfl.com/liveupdate/game-center/2017100109/2017100109_gtd.json,18,15
reg,2017100112,DEN,OAK,4,2017,POST,http://www.nfl.com/liveupdate/game-center/2017100112/2017100112_gtd.json,16,10
reg,2017100113,SEA,IND,4,2017,POST,http://www.nfl.com/liveupdate/game-center/2017100113/2017100113_gtd.json,46,18
reg,2017100200,KC,WAS,4,2017,POST,http://www.nfl.com/liveupdate/game-center/2017100200/2017100200_gtd.json,29,20
reg,2017100500,TB,NE,5,2017,POST,http://www.nfl.com/liveupdate/game-center/2017100500/2017100500_gtd.json,14,19
reg,2017100801,CLE,NYJ,5,2017,POST,http://www.nfl.com/liveupdate/game-center/2017100801/2017100801_gtd.json,14,17
reg,2017100802,DET,CAR,5,2017,POST,http://www.nfl.com/liveupdate/game-center/2017100802/2017100802_gtd.json,24,27
reg,2017100803,IND,SF,5,2017,POST,http://www.nfl.com/liveupdate/game-center/2017100803/2017100803_gtd.json,26,23
reg,2017100804,MIA,TEN,5,2017,POST,http://www.nfl.com/liveupdate/game-center/2017100804/2017100804_gtd.json,16,10
reg,2017100800,CIN,BUF,5,2017,POST,http://www.nfl.com/liveupdate/game-center/2017100800/2017100800_gtd.json,20,16
reg,2017100805,NYG,LAC,5,2017,POST,http://www.nfl.com/liveupdate/game-center/2017100805/2017100805_gtd.json,22,27
reg,2017100807,PIT,JAX,5,2017,POST,http://www.nfl.com/liveupdate/game-center/2017100807/2017100807_gtd.json,9,30
reg,2017100806,PHI,ARI,5,2017,POST,http://www.nfl.com/liveupdate/game-center/2017100806/2017100806_gtd.json,34,7
reg,2017100808,LA,SEA,5,2017,POST,http://www.nfl.com/liveupdate/game-center/2017100808/2017100808_gtd.json,10,16
reg,2017100809,OAK,BAL,5,2017,POST,http://www.nfl.com/liveupdate/game-center/2017100809/2017100809_gtd.json,17,30
reg,2017100810,DAL,GB,5,2017,POST,http://www.nfl.com/liveupdate/game-center/2017100810/2017100810_gtd.json,31,35
reg,2017100811,HOU,KC,5,2017,POST,http://www.nfl.com/liveupdate/game-center/2017100811/2017100811_gtd.json,34,42
reg,2017100900,CHI,MIN,5,2017,POST,http://www.nfl.com/liveupdate/game-center/2017100900/2017100900_gtd.json,17,20
reg,2017101200,CAR,PHI,6,2017,POST,http://www.nfl.com/liveupdate/game-center/2017101200/2017101200_gtd.json,23,28
reg,2017101501,BAL,CHI,6,2017,POST,http://www.nfl.com/liveupdate/game-center/2017101501/2017101501_gtd.json,24,27
reg,2017101502,HOU,CLE,6,2017,POST,http://www.nfl.com/liveupdate/game-center/2017101502/2017101502_gtd.json,33,17
reg,2017101503,MIN,GB,6,2017,POST,http://www.nfl.com/liveupdate/game-center/2017101503/2017101503_gtd.json,23,10
reg,2017101504,NO,DET,6,2017,POST,http://www.nfl.com/liveupdate/game-center/2017101504/2017101504_gtd.json,52,38
reg,2017101500,ATL,MIA,6,2017,POST,http://www.nfl.com/liveupdate/game-center/2017101500/2017101500_gtd.json,17,20
reg,2017101505,NYJ,NE,6,2017,POST,http://www.nfl.com/liveupdate/game-center/2017101505/2017101505_gtd.json,17,24
reg,2017101506,WAS,SF,6,2017,POST,http://www.nfl.com/liveupdate/game-center/2017101506/2017101506_gtd.json,26,24
reg,2017101507,ARI,TB,6,2017,POST,http://www.nfl.com/liveupdate/game-center/2017101507/2017101507_gtd.json,38,33
reg,2017101508,JAX,LA,6,2017,POST,http://www.nfl.com/liveupdate/game-center/2017101508/2017101508_gtd.json,17,27
reg,2017101509,KC,PIT,6,2017,POST,http://www.nfl.com/liveupdate/game-center/2017101509/2017101509_gtd.json,13,19
reg,2017101510,OAK,LAC,6,2017,POST,http://www.nfl.com/liveupdate/game-center/2017101510/2017101510_gtd.json,16,17
reg,2017101511,DEN,NYG,6,2017,POST,http://www.nfl.com/liveupdate/game-center/2017101511/2017101511_gtd.json,10,23
reg,2017101600,TEN,IND,6,2017,POST,http://www.nfl.com/liveupdate/game-center/2017101600/2017101600_gtd.json,36,22
reg,2017101900,OAK,KC,7,2017,POST,http://www.nfl.com/liveupdate/game-center/2017101900/2017101900_gtd.json,31,30
reg,2017102200,BUF,TB,7,2017,POST,http://www.nfl.com/liveupdate/game-center/2017102200/2017102200_gtd.json,30,27
reg,2017102207,MIN,BAL,7,2017,POST,http://www.nfl.com/liveupdate/game-center/2017102207/2017102207_gtd.json,24,16
reg,2017102206,MIA,NYJ,7,2017,POST,http://www.nfl.com/liveupdate/game-center/2017102206/2017102206_gtd.json,31,28
reg,2017102205,LA,ARI,7,2017,POST,http://www.nfl.com/liveupdate/game-center/2017102205/2017102205_gtd.json,33,0
reg,2017102204,IND,JAX,7,2017,POST,http://www.nfl.com/liveupdate/game-center/2017102204/2017102204_gtd.json,0,27
reg,2017102203,GB,NO,7,2017,POST,http://www.nfl.com/liveupdate/game-center/2017102203/2017102203_gtd.json,17,26
reg,2017102201,CHI,CAR,7,2017,POST,http://www.nfl.com/liveupdate/game-center/2017102201/2017102201_gtd.json,17,3
reg,2017102202,CLE,TEN,7,2017,POST,http://www.nfl.com/liveupdate/game-center/2017102202/2017102202_gtd.json,9,12
reg,2017102209,SF,DAL,7,2017,POST,http://www.nfl.com/liveupdate/game-center/2017102209/2017102209_gtd.json,10,40
reg,2017102210,LAC,DEN,7,2017,POST,http://www.nfl.com/liveupdate/game-center/2017102210/2017102210_gtd.json,21,0
reg,2017102208,PIT,CIN,7,2017,POST,http://www.nfl.com/liveupdate/game-center/2017102208/2017102208_gtd.json,29,14
reg,2017102211,NYG,SEA,7,2017,POST,http://www.nfl.com/liveupdate/game-center/2017102211/2017102211_gtd.json,7,24
reg,2017102212,NE,ATL,7,2017,POST,http://www.nfl.com/liveupdate/game-center/2017102212/2017102212_gtd.json,23,7
reg,2017102300,PHI,WAS,7,2017,POST,http://www.nfl.com/liveupdate/game-center/2017102300/2017102300_gtd.json,34,24
reg,2017102600,BAL,MIA,8,2017,POST,http://www.nfl.com/liveupdate/game-center/2017102600/2017102600_gtd.json,40,0
reg,2017102900,CLE,MIN,8,2017,POST,http://www.nfl.com/liveupdate/game-center/2017102900/2017102900_gtd.json,16,33
reg,2017102905,NYJ,ATL,8,2017,POST,http://www.nfl.com/liveupdate/game-center/2017102905/2017102905_gtd.json,20,25
reg,2017102907,TB,CAR,8,2017,POST,http://www.nfl.com/liveupdate/game-center/2017102907/2017102907_gtd.json,3,17
reg,2017102906,PHI,SF,8,2017,POST,http://www.nfl.com/liveupdate/game-center/2017102906/2017102906_gtd.json,33,10
reg,2017102904,NO,CHI,8,2017,POST,http://www.nfl.com/liveupdate/game-center/2017102904/2017102904_gtd.json,20,12
reg,2017102903,NE,LAC,8,2017,POST,http://www.nfl.com/liveupdate/game-center/2017102903/2017102903_gtd.json,21,13
reg,2017102901,BUF,OAK,8,2017,POST,http://www.nfl.com/liveupdate/game-center/2017102901/2017102901_gtd.json,34,14
reg,2017102902,CIN,IND,8,2017,POST,http://www.nfl.com/liveupdate/game-center/2017102902/2017102902_gtd.json,24,23
reg,2017102908,SEA,HOU,8,2017,POST,http://www.nfl.com/liveupdate/game-center/2017102908/2017102908_gtd.json,41,38
reg,2017102909,WAS,DAL,8,2017,POST,http://www.nfl.com/liveupdate/game-center/2017102909/2017102909_gtd.json,19,33
reg,2017102910,DET,PIT,8,2017,POST,http://www.nfl.com/liveupdate/game-center/2017102910/2017102910_gtd.json,15,20
reg,2017103000,KC,DEN,8,2017,POST,http://www.nfl.com/liveupdate/game-center/2017103000/2017103000_gtd.json,29,19
reg,2017110200,NYJ,BUF,9,2017,POST,http://www.nfl.com/liveupdate/game-center/2017110200/2017110200_gtd.json,34,21
reg,2017110501,HOU,IND,9,2017,POST,http://www.nfl.com/liveupdate/game-center/2017110501/2017110501_gtd.json,14,20
reg,2017110502,JAX,CIN,9,2017,POST,http://www.nfl.com/liveupdate/game-center/2017110502/2017110502_gtd.json,23,7
reg,2017110503,NO,TB,9,2017,POST,http://www.nfl.com/liveupdate/game-center/2017110503/2017110503_gtd.json,30,10
reg,2017110504,NYG,LA,9,2017,POST,http://www.nfl.com/liveupdate/game-center/2017110504/2017110504_gtd.json,17,51
reg,2017110500,CAR,ATL,9,2017,POST,http://www.nfl.com/liveupdate/game-center/2017110500/2017110500_gtd.json,20,17
reg,2017110505,PHI,DEN,9,2017,POST,http://www.nfl.com/liveupdate/game-center/2017110505/2017110505_gtd.json,51,23
reg,2017110506,TEN,BAL,9,2017,POST,http://www.nfl.com/liveupdate/game-center/2017110506/2017110506_gtd.json,23,20
reg,2017110507,SF,ARI,9,2017,POST,http://www.nfl.com/liveupdate/game-center/2017110507/2017110507_gtd.json,10,20
reg,2017110508,SEA,WAS,9,2017,POST,http://www.nfl.com/liveupdate/game-center/2017110508/2017110508_gtd.json,14,17
reg,2017110509,DAL,KC,9,2017,POST,http://www.nfl.com/liveupdate/game-center/2017110509/2017110509_gtd.json,28,17
reg,2017110510,MIA,OAK,9,2017,POST,http://www.nfl.com/liveupdate/game-center/2017110510/2017110510_gtd.json,24,27
reg,2017110600,GB,DET,9,2017,POST,http://www.nfl.com/liveupdate/game-center/2017110600/2017110600_gtd.json,17,30
reg,2017110900,ARI,SEA,10,2017,POST,http://www.nfl.com/liveupdate/game-center/2017110900/2017110900_gtd.json,16,22
reg,2017111201,CHI,GB,10,2017,POST,http://www.nfl.com/liveupdate/game-center/2017111201/2017111201_gtd.json,16,23
reg,2017111202,DET,CLE,10,2017,POST,http://www.nfl.com/liveupdate/game-center/2017111202/2017111202_gtd.json,38,24
reg,2017111203,IND,PIT,10,2017,POST,http://www.nfl.com/liveupdate/game-center/2017111203/2017111203_gtd.json,17,20
reg,2017111204,JAX,LAC,10,2017,POST,http://www.nfl.com/liveupdate/game-center/2017111204/2017111204_gtd.json,20,17
reg,2017111200,BUF,NO,10,2017,POST,http://www.nfl.com/liveupdate/game-center/2017111200/2017111200_gtd.json,10,47
reg,2017111205,TB,NYJ,10,2017,POST,http://www.nfl.com/liveupdate/game-center/2017111205/2017111205_gtd.json,15,10
reg,2017111207,WAS,MIN,10,2017,POST,http://www.nfl.com/liveupdate/game-center/2017111207/2017111207_gtd.json,30,38
reg,2017111206,TEN,CIN,10,2017,POST,http://www.nfl.com/liveupdate/game-center/2017111206/2017111206_gtd.json,24,20
reg,2017111208,LA,HOU,10,2017,POST,http://www.nfl.com/liveupdate/game-center/2017111208/2017111208_gtd.json,33,7
reg,2017111209,ATL,DAL,10,2017,POST,http://www.nfl.com/liveupdate/game-center/2017111209/2017111209_gtd.json,27,7
reg,2017111210,SF,NYG,10,2017,POST,http://www.nfl.com/liveupdate/game-center/2017111210/2017111210_gtd.json,31,21
reg,2017111211,DEN,NE,10,2017,POST,http://www.nfl.com/liveupdate/game-center/2017111211/2017111211_gtd.json,16,41
reg,2017111300,CAR,MIA,10,2017,POST,http://www.nfl.com/liveupdate/game-center/2017111300/2017111300_gtd.json,45,21
reg,2017111600,PIT,TEN,11,2017,POST,http://www.nfl.com/liveupdate/game-center/2017111600/2017111600_gtd.json,40,17
reg,2017111900,CHI,DET,11,2017,POST,http://www.nfl.com/liveupdate/game-center/2017111900/2017111900_gtd.json,24,27
reg,2017111901,CLE,JAX,11,2017,POST,http://www.nfl.com/liveupdate/game-center/2017111901/2017111901_gtd.json,7,19
reg,2017111902,GB,BAL,11,2017,POST,http://www.nfl.com/liveupdate/game-center/2017111902/2017111902_gtd.json,0,23
reg,2017111903,HOU,ARI,11,2017,POST,http://www.nfl.com/liveupdate/game-center/2017111903/2017111903_gtd.json,31,21
reg,2017111911,MIA,TB,11,2017,POST,http://www.nfl.com/liveupdate/game-center/2017111911/2017111911_gtd.json,20,30
reg,2017111904,MIN,LA,11,2017,POST,http://www.nfl.com/liveupdate/game-center/2017111904/2017111904_gtd.json,24,7
reg,2017111906,NYG,KC,11,2017,POST,http://www.nfl.com/liveupdate/game-center/2017111906/2017111906_gtd.json,12,9
reg,2017111905,NO,WAS,11,2017,POST,http://www.nfl.com/liveupdate/game-center/2017111905/2017111905_gtd.json,34,31
reg,2017111907,LAC,BUF,11,2017,POST,http://www.nfl.com/liveupdate/game-center/2017111907/2017111907_gtd.json,54,24
reg,2017111908,DEN,CIN,11,2017,POST,http://www.nfl.com/liveupdate/game-center/2017111908/2017111908_gtd.json,17,20
reg,2017111909,OAK,NE,11,2017,POST,http://www.nfl.com/liveupdate/game-center/2017111909/2017111909_gtd.json,8,33
reg,2017111910,DAL,PHI,11,2017,POST,http://www.nfl.com/liveupdate/game-center/2017111910/2017111910_gtd.json,9,37
reg,2017112000,SEA,ATL,11,2017,POST,http://www.nfl.com/liveupdate/game-center/2017112000/2017112000_gtd.json,31,34
reg,2017112300,DET,MIN,12,2017,POST,http://www.nfl.com/liveupdate/game-center/2017112300/2017112300_gtd.json,23,30
reg,2017112301,DAL,LAC,12,2017,POST,http://www.nfl.com/liveupdate/game-center/2017112301/2017112301_gtd.json,6,28
reg,2017112302,WAS,NYG,12,2017,POST,http://www.nfl.com/liveupdate/game-center/2017112302/2017112302_gtd.json,20,10
reg,2017112603,KC,BUF,12,2017,POST,http://www.nfl.com/liveupdate/game-center/2017112603/2017112603_gtd.json,10,16
reg,2017112602,IND,TEN,12,2017,POST,http://www.nfl.com/liveupdate/game-center/2017112602/2017112602_gtd.json,16,20
reg,2017112601,CIN,CLE,12,2017,POST,http://www.nfl.com/liveupdate/game-center/2017112601/2017112601_gtd.json,30,16
reg,2017112600,ATL,TB,12,2017,POST,http://www.nfl.com/liveupdate/game-center/2017112600/2017112600_gtd.json,34,20
reg,2017112604,NE,MIA,12,2017,POST,http://www.nfl.com/liveupdate/game-center/2017112604/2017112604_gtd.json,35,17
reg,2017112606,PHI,CHI,12,2017,POST,http://www.nfl.com/liveupdate/game-center/2017112606/2017112606_gtd.json,31,3
reg,2017112605,NYJ,CAR,12,2017,POST,http://www.nfl.com/liveupdate/game-center/2017112605/2017112605_gtd.json,27,35
reg,2017112608,SF,SEA,12,2017,POST,http://www.nfl.com/liveupdate/game-center/2017112608/2017112608_gtd.json,13,24
reg,2017112607,LA,NO,12,2017,POST,http://www.nfl.com/liveupdate/game-center/2017112607/2017112607_gtd.json,26,20
reg,2017112609,ARI,JAX,12,2017,POST,http://www.nfl.com/liveupdate/game-center/2017112609/2017112609_gtd.json,27,24
reg,2017112610,OAK,DEN,12,2017,POST,http://www.nfl.com/liveupdate/game-center/2017112610/2017112610_gtd.json,21,14
reg,2017112611,PIT,GB,12,2017,POST,http://www.nfl.com/liveupdate/game-center/2017112611/2017112611_gtd.json,31,28
reg,2017112700,BAL,HOU,12,2017,POST,http://www.nfl.com/liveupdate/game-center/2017112700/2017112700_gtd.json,23,16
reg,2017113000,DAL,WAS,13,2017,POST,http://www.nfl.com/liveupdate/game-center/2017113000/2017113000_gtd.json,38,14
reg,2017120300,ATL,MIN,13,2017,POST,http://www.nfl.com/liveupdate/game-center/2017120300/2017120300_gtd.json,9,14
reg,2017120309,TEN,HOU,13,2017,POST,http://www.nfl.com/liveupdate/game-center/2017120309/2017120309_gtd.json,24,13
reg,2017120308,NYJ,KC,13,2017,POST,http://www.nfl.com/liveupdate/game-center/2017120308/2017120308_gtd.json,38,31
reg,2017120306,MIA,DEN,13,2017,POST,http://www.nfl.com/liveupdate/game-center/2017120306/2017120306_gtd.json,35,9
reg,2017120305,JAX,IND,13,2017,POST,http://www.nfl.com/liveupdate/game-center/2017120305/2017120305_gtd.json,30,10
reg,2017120304,GB,TB,13,2017,POST,http://www.nfl.com/liveupdate/game-center/2017120304/2017120304_gtd.json,26,20
reg,2017120301,BAL,DET,13,2017,POST,http://www.nfl.com/liveupdate/game-center/2017120301/2017120301_gtd.json,44,20
reg,2017120302,BUF,NE,13,2017,POST,http://www.nfl.com/liveupdate/game-center/2017120302/2017120302_gtd.json,3,23
reg,2017120303,CHI,SF,13,2017,POST,http://www.nfl.com/liveupdate/game-center/2017120303/2017120303_gtd.json,14,15
reg,2017120310,LAC,CLE,13,2017,POST,http://www.nfl.com/liveupdate/game-center/2017120310/2017120310_gtd.json,19,10
reg,2017120312,OAK,NYG,13,2017,POST,http://www.nfl.com/liveupdate/game-center/2017120312/2017120312_gtd.json,24,17
reg,2017120307,NO,CAR,13,2017,POST,http://www.nfl.com/liveupdate/game-center/2017120307/2017120307_gtd.json,31,21
reg,2017120311,ARI,LA,13,2017,POST,http://www.nfl.com/liveupdate/game-center/2017120311/2017120311_gtd.json,16,32
reg,2017120313,SEA,PHI,13,2017,POST,http://www.nfl.com/liveupdate/game-center/2017120313/2017120313_gtd.json,24,10
reg,2017120400,CIN,PIT,13,2017,POST,http://www.nfl.com/liveupdate/game-center/2017120400/2017120400_gtd.json,20,23
reg,2017120700,ATL,NO,14,2017,POST,http://www.nfl.com/liveupdate/game-center/2017120700/2017120700_gtd.json,20,17
reg,2017121000,BUF,IND,14,2017,POST,http://www.nfl.com/liveupdate/game-center/2017121000/2017121000_gtd.json,13,7
reg,2017121012,NYG,DAL,14,2017,POST,http://www.nfl.com/liveupdate/game-center/2017121012/2017121012_gtd.json,10,30
reg,2017121007,TB,DET,14,2017,POST,http://www.nfl.com/liveupdate/game-center/2017121007/2017121007_gtd.json,21,24
reg,2017121006,KC,OAK,14,2017,POST,http://www.nfl.com/liveupdate/game-center/2017121006/2017121006_gtd.json,26,15
reg,2017121004,HOU,SF,14,2017,POST,http://www.nfl.com/liveupdate/game-center/2017121004/2017121004_gtd.json,16,26
reg,2017121003,CLE,GB,14,2017,POST,http://www.nfl.com/liveupdate/game-center/2017121003/2017121003_gtd.json,21,27
reg,2017121002,CIN,CHI,14,2017,POST,http://www.nfl.com/liveupdate/game-center/2017121002/2017121002_gtd.json,7,33
reg,2017121001,CAR,MIN,14,2017,POST,http://www.nfl.com/liveupdate/game-center/2017121001/2017121001_gtd.json,31,24
reg,2017121010,LAC,WAS,14,2017,POST,http://www.nfl.com/liveupdate/game-center/2017121010/2017121010_gtd.json,30,13
reg,2017121009,DEN,NYJ,14,2017,POST,http://www.nfl.com/liveupdate/game-center/2017121009/2017121009_gtd.json,23,0
reg,2017121008,ARI,TEN,14,2017,POST,http://www.nfl.com/liveupdate/game-center/2017121008/2017121008_gtd.json,12,7
reg,2017121011,LA,PHI,14,2017,POST,http://www.nfl.com/liveupdate/game-center/2017121011/2017121011_gtd.json,35,43
reg,2017121005,JAX,SEA,14,2017,POST,http://www.nfl.com/liveupdate/game-center/2017121005/2017121005_gtd.json,30,24
reg,2017121013,PIT,BAL,14,2017,POST,http://www.nfl.com/liveupdate/game-center/2017121013/2017121013_gtd.json,39,38
reg,2017121100,MIA,NE,14,2017,POST,http://www.nfl.com/liveupdate/game-center/2017121100/2017121100_gtd.json,27,20
reg,2017121400,IND,DEN,15,2017,POST,http://www.nfl.com/liveupdate/game-center/2017121400/2017121400_gtd.json,13,25
reg,2017121600,DET,CHI,15,2017,POST,http://www.nfl.com/liveupdate/game-center/2017121600/2017121600_gtd.json,20,10
reg,2017121601,KC,LAC,15,2017,POST,http://www.nfl.com/liveupdate/game-center/2017121601/2017121601_gtd.json,30,13
reg,2017121703,JAX,HOU,15,2017,POST,http://www.nfl.com/liveupdate/game-center/2017121703/2017121703_gtd.json,45,7
reg,2017121702,CLE,BAL,15,2017,POST,http://www.nfl.com/liveupdate/game-center/2017121702/2017121702_gtd.json,10,27
reg,2017121701,CAR,GB,15,2017,POST,http://www.nfl.com/liveupdate/game-center/2017121701/2017121701_gtd.json,31,24
reg,2017121700,BUF,MIA,15,2017,POST,http://www.nfl.com/liveupdate/game-center/2017121700/2017121700_gtd.json,24,16
reg,2017121704,MIN,CIN,15,2017,POST,http://www.nfl.com/liveupdate/game-center/2017121704/2017121704_gtd.json,34,7
reg,2017121707,WAS,ARI,15,2017,POST,http://www.nfl.com/liveupdate/game-center/2017121707/2017121707_gtd.json,20,15
reg,2017121706,NYG,PHI,15,2017,POST,http://www.nfl.com/liveupdate/game-center/2017121706/2017121706_gtd.json,29,34
reg,2017121705,NO,NYJ,15,2017,POST,http://www.nfl.com/liveupdate/game-center/2017121705/2017121705_gtd.json,31,19
reg,2017121708,SEA,LA,15,2017,POST,http://www.nfl.com/liveupdate/game-center/2017121708/2017121708_gtd.json,7,42
reg,2017121710,SF,TEN,15,2017,POST,http://www.nfl.com/liveupdate/game-center/2017121710/2017121710_gtd.json,25,23
reg,2017121709,PIT,NE,15,2017,POST,http://www.nfl.com/liveupdate/game-center/2017121709/2017121709_gtd.json,24,27
reg,2017121711,OAK,DAL,15,2017,POST,http://www.nfl.com/liveupdate/game-center/2017121711/2017121711_gtd.json,17,20
reg,2017121800,TB,ATL,15,2017,POST,http://www.nfl.com/liveupdate/game-center/2017121800/2017121800_gtd.json,21,24
reg,2017122300,BAL,IND,16,2017,POST,http://www.nfl.com/liveupdate/game-center/2017122300/2017122300_gtd.json,23,16
reg,2017122301,GB,MIN,16,2017,POST,http://www.nfl.com/liveupdate/game-center/2017122301/2017122301_gtd.json,0,16
reg,2017122402,CIN,DET,16,2017,POST,http://www.nfl.com/liveupdate/game-center/2017122402/2017122402_gtd.json,26,17
reg,2017122403,KC,MIA,16,2017,POST,http://www.nfl.com/liveupdate/game-center/2017122403/2017122403_gtd.json,29,13
reg,2017122404,NE,BUF,16,2017,POST,http://www.nfl.com/liveupdate/game-center/2017122404/2017122404_gtd.json,37,16
reg,2017122401,CHI,CLE,16,2017,POST,http://www.nfl.com/liveupdate/game-center/2017122401/2017122401_gtd.json,20,3
reg,2017122400,CAR,TB,16,2017,POST,http://www.nfl.com/liveupdate/game-center/2017122400/2017122400_gtd.json,22,19
reg,2017122405,NO,ATL,16,2017,POST,http://www.nfl.com/liveupdate/game-center/2017122405/2017122405_gtd.json,23,13
reg,2017122408,WAS,DEN,16,2017,POST,http://www.nfl.com/liveupdate/game-center/2017122408/2017122408_gtd.json,27,11
reg,2017122407,TEN,LA,16,2017,POST,http://www.nfl.com/liveupdate/game-center/2017122407/2017122407_gtd.json,23,27
reg,2017122406,NYJ,LAC,16,2017,POST,http://www.nfl.com/liveupdate/game-center/2017122406/2017122406_gtd.json,7,14
reg,2017122409,SF,JAX,16,2017,POST,http://www.nfl.com/liveupdate/game-center/2017122409/2017122409_gtd.json,44,33
reg,2017122411,DAL,SEA,16,2017,POST,http://www.nfl.com/liveupdate/game-center/2017122411/2017122411_gtd.json,12,21
reg,2017122410,ARI,NYG,16,2017,POST,http://www.nfl.com/liveupdate/game-center/2017122410/2017122410_gtd.json,23,0
reg,2017122500,HOU,PIT,16,2017,POST,http://www.nfl.com/liveupdate/game-center/2017122500/2017122500_gtd.json,6,34
reg,2017122501,PHI,OAK,16,2017,POST,http://www.nfl.com/liveupdate/game-center/2017122501/2017122501_gtd.json,19,10
reg,2017123107,NYG,WAS,17,2017,POST,http://www.nfl.com/liveupdate/game-center/2017123107/2017123107_gtd.json,18,10
reg,2017123106,NE,NYJ,17,2017,POST,http://www.nfl.com/liveupdate/game-center/2017123106/2017123106_gtd.json,26,6
reg,2017123105,MIN,CHI,17,2017,POST,http://www.nfl.com/liveupdate/game-center/2017123105/2017123105_gtd.json,23,10
reg,2017123102,DET,GB,17,2017,POST,http://www.nfl.com/liveupdate/game-center/2017123102/2017123102_gtd.json,35,11
reg,2017123103,IND,HOU,17,2017,POST,http://www.nfl.com/liveupdate/game-center/2017123103/2017123103_gtd.json,22,13
reg,2017123109,PIT,CLE,17,2017,POST,http://www.nfl.com/liveupdate/game-center/2017123109/2017123109_gtd.json,28,24
reg,2017123108,PHI,DAL,17,2017,POST,http://www.nfl.com/liveupdate/game-center/2017123108/2017123108_gtd.json,0,6
reg,2017123114,LA,SF,17,2017,POST,http://www.nfl.com/liveupdate/game-center/2017123114/2017123114_gtd.json,13,34
reg,2017123113,LAC,OAK,17,2017,POST,http://www.nfl.com/liveupdate/game-center/2017123113/2017123113_gtd.json,30,10
reg,2017123112,DEN,KC,17,2017,POST,http://www.nfl.com/liveupdate/game-center/2017123112/2017123112_gtd.json,24,27
reg,2017123111,TEN,JAX,17,2017,POST,http://www.nfl.com/liveupdate/game-center/2017123111/2017123111_gtd.json,15,10
reg,2017123110,TB,NO,17,2017,POST,http://www.nfl.com/liveupdate/game-center/2017123110/2017123110_gtd.json,31,24
reg,2017123104,MIA,BUF,17,2017,POST,http://www.nfl.com/liveupdate/game-center/2017123104/2017123104_gtd.json,16,22
reg,2017123115,SEA,ARI,17,2017,POST,http://www.nfl.com/liveupdate/game-center/2017123115/2017123115_gtd.json,24,26
reg,2017123100,ATL,CAR,17,2017,POST,http://www.nfl.com/liveupdate/game-center/2017123100/2017123100_gtd.json,22,10
reg,2017123101,BAL,CIN,17,2017,POST,http://www.nfl.com/liveupdate/game-center/2017123101/2017123101_gtd.json,27,31
